{"textures":{"0":"bettermodel:item/destructor_destroyercloth","1":"bettermodel:item/destructor_destroyerhead","2":"bettermodel:item/destructor_destroyerblade","3":"bettermodel:item/destructor_destroyerhandle","4":"bettermodel:item/destructor_destroyerbody","5":"bettermodel:item/destructor_destroyerarmor","6":"bettermodel:item/destructor_destroyercape","7":"bettermodel:item/destructor_destroyercapetransition","8":"bettermodel:item/destructor_destroyerpants","particle":"bettermodel:item/destructor_destroyercloth"},"elements":[{"from":[7.855007,7.9365654,7.9229727],"to":[8.063435,8.077027,8.077027],"faces":{"north":{"uv":[9.05,3.0,7.6,4.5],"tintindex":-2,"texture":"#5"},"east":{"uv":[1.7,0.0,0.0,1.55],"tintindex":-2,"texture":"#5"},"south":{"uv":[8.45,0.0,7.0,1.55],"tintindex":-2,"texture":"#5"},"west":{"uv":[1.7,3.0,0.0,4.55],"tintindex":-2,"texture":"#5"},"up":{"uv":[7.45,8.5,6.0,10.2],"tintindex":-2,"texture":"#5"},"down":{"uv":[8.95,6.0,7.5,7.7],"tintindex":-2,"texture":"#5"}}}],"display":{"fixed":{"scale":[4,4,4]}}}