{"textures":{"0":"bettermodel:item/destructor_destroyercloth","1":"bettermodel:item/destructor_destroyerhead","2":"bettermodel:item/destructor_destroyerblade","3":"bettermodel:item/destructor_destroyerhandle","4":"bettermodel:item/destructor_destroyerbody","particle":"bettermodel:item/destructor_destroyercloth"},"elements":[{"from":[8.027186,7.9320345,7.947893],"to":[8.199366,8.0679655,8.052107],"faces":{"north":{"uv":[10.0,0.0,12.0,1.5],"tintindex":-2,"texture":"#4"},"east":{"uv":[8.5,12.5,9.5,14.0],"tintindex":-2,"texture":"#4"},"south":{"uv":[10.0,1.5,12.0,3.0],"tintindex":-2,"texture":"#4"},"west":{"uv":[9.5,12.5,10.5,14.0],"tintindex":-2,"texture":"#4"},"up":{"uv":[14.0,1.0,12.0,0.0],"tintindex":-2,"texture":"#4"},"down":{"uv":[14.0,1.0,12.0,2.0],"tintindex":-2,"texture":"#4"}}},{"from":[7.8006344,7.9320345,7.947893],"to":[7.9728136,8.0679655,8.052107],"faces":{"north":{"uv":[10.5,3.0,12.5,4.5],"tintindex":-2,"texture":"#4"},"east":{"uv":[10.5,12.5,11.5,14.0],"tintindex":-2,"texture":"#4"},"south":{"uv":[10.5,4.5,12.5,6.0],"tintindex":-2,"texture":"#4"},"west":{"uv":[6.0,13.0,7.0,14.5],"tintindex":-2,"texture":"#4"},"up":{"uv":[14.0,3.0,12.0,2.0],"tintindex":-2,"texture":"#4"},"down":{"uv":[14.0,6.0,12.0,7.0],"tintindex":-2,"texture":"#4"}}}],"display":{"fixed":{"scale":[4,4,4]}}}