{"textures":{"0":"bettermodel:item/destructor_destroyercloth","1":"bettermodel:item/destructor_destroyerhead","2":"bettermodel:item/destructor_destroyerblade","3":"bettermodel:item/destructor_destroyerhandle","4":"bettermodel:item/destructor_destroyerbody","particle":"bettermodel:item/destructor_destroyercloth"},"elements":[{"from":[7.841414,7.7961035,7.9093795],"to":[8.1585865,8.2038965,8.090621],"faces":{"north":{"uv":[0.0,0.0,3.5,4.5],"tintindex":-2,"texture":"#4"},"east":{"uv":[0.0,4.5,2.0,9.0],"tintindex":-2,"texture":"#4"},"south":{"uv":[3.5,0.0,7.0,4.5],"tintindex":-2,"texture":"#4"},"west":{"uv":[2.0,4.5,4.0,9.0],"tintindex":-2,"texture":"#4"},"up":{"uv":[7.5,6.5,4.0,4.5],"tintindex":-2,"texture":"#4"},"down":{"uv":[7.5,6.5,4.0,8.5],"tintindex":-2,"texture":"#4"}}}],"display":{"fixed":{"scale":[4,4,4]}}}