{"textures":{"0":"bettermodel:item/destructor_destroyercloth","1":"bettermodel:item/destructor_destroyerhead","2":"bettermodel:item/destructor_destroyerblade","3":"bettermodel:item/destructor_destroyerhandle","4":"bettermodel:item/destructor_destroyerbody","particle":"bettermodel:item/destructor_destroyercloth"},"elements":[{"from":[8.108745,7.893636,7.764009],"to":[8.17671,8.120188,8.072119],"faces":{"north":{"uv":[3.5,5.75,4.0,7.0],"tintindex":-2,"texture":"#0"},"east":{"uv":[3.75,1.75,5.5,3.0],"tintindex":-2,"texture":"#0"},"south":{"uv":[4.0,5.75,4.5,7.0],"tintindex":-2,"texture":"#0"},"west":{"uv":[3.75,3.0,5.5,4.25],"tintindex":-2,"texture":"#0"},"up":{"uv":[0.5,7.25,0.0,5.5],"tintindex":-2,"texture":"#0"},"down":{"uv":[1.0,5.5,0.5,7.25],"tintindex":-2,"texture":"#0"}}},{"from":[7.82329,7.893636,7.764009],"to":[7.8912554,8.120188,8.072119],"faces":{"north":{"uv":[4.5,5.75,5.0,7.0],"tintindex":-2,"texture":"#0"},"east":{"uv":[0.0,4.25,1.75,5.5],"tintindex":-2,"texture":"#0"},"south":{"uv":[5.0,5.75,5.5,7.0],"tintindex":-2,"texture":"#0"},"west":{"uv":[4.25,0.0,6.0,1.25],"tintindex":-2,"texture":"#0"},"up":{"uv":[3.0,7.5,2.5,5.75],"tintindex":-2,"texture":"#0"},"down":{"uv":[3.5,5.75,3.0,7.5],"tintindex":-2,"texture":"#0"}}}],"display":{"fixed":{"scale":[4,4,4]}}}