{"textures":{"0":"bettermodel:item/destructor_destroyercloth","1":"bettermodel:item/destructor_destroyerhead","2":"bettermodel:item/destructor_destroyerblade","3":"bettermodel:item/destructor_destroyerhandle","4":"bettermodel:item/destructor_destroyerbody","particle":"bettermodel:item/destructor_destroyercloth"},"elements":[{"from":[8.009062,8.416855,7.9365654],"to":[8.081558,8.489351,8.04531],"faces":{"north":{"uv":[13.0,13.0,14.0,14.0],"tintindex":-2,"texture":"#4"},"east":{"uv":[0.0,13.5,1.0,14.5],"tintindex":-2,"texture":"#4"},"south":{"uv":[13.5,3.0,14.5,4.0],"tintindex":-2,"texture":"#4"},"west":{"uv":[13.5,4.0,14.5,5.0],"tintindex":-2,"texture":"#4"},"up":{"uv":[8.0,14.5,7.0,13.5],"tintindex":-2,"texture":"#4"},"down":{"uv":[14.5,9.0,13.5,10.0],"tintindex":-2,"texture":"#4"}}},{"from":[7.9184413,8.507476,7.9365654],"to":[7.9909377,8.579972,8.04531],"faces":{"north":{"uv":[14.0,0.0,15.0,1.0],"tintindex":-2,"texture":"#4"},"east":{"uv":[1.0,14.0,2.0,15.0],"tintindex":-2,"texture":"#4"},"south":{"uv":[14.0,1.0,15.0,2.0],"tintindex":-2,"texture":"#4"},"west":{"uv":[2.0,14.0,3.0,15.0],"tintindex":-2,"texture":"#4"},"up":{"uv":[15.0,3.0,14.0,2.0],"tintindex":-2,"texture":"#4"},"down":{"uv":[4.0,14.0,3.0,15.0],"tintindex":-2,"texture":"#4"}}},{"from":[7.9184413,8.416855,7.9365654],"to":[7.9909377,8.489351,8.04531],"faces":{"north":{"uv":[4.0,14.0,5.0,15.0],"tintindex":-2,"texture":"#4"},"east":{"uv":[5.0,14.0,6.0,15.0],"tintindex":-2,"texture":"#4"},"south":{"uv":[14.0,5.0,15.0,6.0],"tintindex":-2,"texture":"#4"},"west":{"uv":[14.0,6.0,15.0,7.0],"tintindex":-2,"texture":"#4"},"up":{"uv":[9.0,15.0,8.0,14.0],"tintindex":-2,"texture":"#4"},"down":{"uv":[10.0,14.0,9.0,15.0],"tintindex":-2,"texture":"#4"}}},{"from":[7.9184413,8.326235,7.9365654],"to":[7.9909377,8.398731,8.04531],"faces":{"north":{"uv":[10.0,14.0,11.0,15.0],"tintindex":-2,"texture":"#4"},"east":{"uv":[11.0,14.0,12.0,15.0],"tintindex":-2,"texture":"#4"},"south":{"uv":[12.0,14.0,13.0,15.0],"tintindex":-2,"texture":"#4"},"west":{"uv":[13.0,14.0,14.0,15.0],"tintindex":-2,"texture":"#4"},"up":{"uv":[15.0,14.0,14.0,13.0],"tintindex":-2,"texture":"#4"},"down":{"uv":[15.0,14.0,14.0,15.0],"tintindex":-2,"texture":"#4"}}},{"from":[8.009062,8.326235,7.9365654],"to":[8.081558,8.398731,8.04531],"faces":{"north":{"uv":[0.0,14.5,1.0,15.5],"tintindex":-2,"texture":"#4"},"east":{"uv":[14.5,3.0,15.5,4.0],"tintindex":-2,"texture":"#4"},"south":{"uv":[14.5,4.0,15.5,5.0],"tintindex":-2,"texture":"#4"},"west":{"uv":[6.0,14.5,7.0,15.5],"tintindex":-2,"texture":"#4"},"up":{"uv":[8.0,15.5,7.0,14.5],"tintindex":-2,"texture":"#4"},"down":{"uv":[15.5,7.0,14.5,8.0],"tintindex":-2,"texture":"#4"}}},{"from":[8.009062,8.507476,7.9365654],"to":[8.081558,8.579972,8.04531],"faces":{"north":{"uv":[14.5,8.0,15.5,9.0],"tintindex":-2,"texture":"#4"},"east":{"uv":[14.5,9.0,15.5,10.0],"tintindex":-2,"texture":"#4"},"south":{"uv":[14.5,10.0,15.5,11.0],"tintindex":-2,"texture":"#4"},"west":{"uv":[14.5,11.0,15.5,12.0],"tintindex":-2,"texture":"#4"},"up":{"uv":[15.5,13.0,14.5,12.0],"tintindex":-2,"texture":"#4"},"down":{"uv":[16.0,0.0,15.0,1.0],"tintindex":-2,"texture":"#4"}}}],"display":{"fixed":{"scale":[4,4,4]}}}