{"textures":{"0":"bettermodel:item/destructor_destroyercloth","1":"bettermodel:item/destructor_destroyerhead","2":"bettermodel:item/destructor_destroyerblade","3":"bettermodel:item/destructor_destroyerhandle","4":"bettermodel:item/destructor_destroyerbody","particle":"bettermodel:item/destructor_destroyercloth"},"elements":[{"from":[7.9093795,7.728138,7.9275036],"to":[8.054373,8.0,8.072496],"faces":{"north":{"uv":[7.0,0.0,8.5,3.0],"tintindex":-2,"texture":"#4"},"east":{"uv":[7.5,3.0,9.0,6.0],"tintindex":-2,"texture":"#4"},"south":{"uv":[7.5,6.0,9.0,9.0],"tintindex":-2,"texture":"#4"},"west":{"uv":[8.5,0.0,10.0,3.0],"tintindex":-2,"texture":"#4"},"up":{"uv":[7.5,13.0,6.0,11.5],"tintindex":-2,"texture":"#4"},"down":{"uv":[13.0,10.0,11.5,11.5],"tintindex":-2,"texture":"#4"}}}],"display":{"fixed":{"scale":[4,4,4]}}}