{"textures":{"0":"bettermodel:item/destructor_destroyercloth","1":"bettermodel:item/destructor_destroyerhead","2":"bettermodel:item/destructor_destroyerblade","3":"bettermodel:item/destructor_destroyerhandle","4":"bettermodel:item/destructor_destroyerbody","5":"bettermodel:item/destructor_destroyerarmor","6":"bettermodel:item/destructor_destroyercape","7":"bettermodel:item/destructor_destroyercapetransition","8":"bettermodel:item/destructor_destroyerpants","particle":"bettermodel:item/destructor_destroyercloth"},"elements":[{"from":[7.9365654,7.9365654,7.9229727],"to":[8.144993,8.077027,8.077027],"faces":{"north":{"uv":[7.5,3.0,9.0,4.5],"tintindex":-2,"texture":"#5"},"east":{"uv":[7.5,4.5,9.0,6.0],"tintindex":-2,"texture":"#5"},"south":{"uv":[7.5,6.0,9.0,7.5],"tintindex":-2,"texture":"#5"},"west":{"uv":[7.5,7.5,9.0,9.0],"tintindex":-2,"texture":"#5"},"up":{"uv":[10.0,4.5,8.5,3.0],"tintindex":-2,"texture":"#5"},"down":{"uv":[5.5,8.5,4.0,10.0],"tintindex":-2,"texture":"#5"}}}],"display":{"fixed":{"scale":[4,4,4]}}}