{"textures":{"0":"bettermodel:item/destructor_destroyercloth","1":"bettermodel:item/destructor_destroyerhead","2":"bettermodel:item/destructor_destroyerblade","3":"bettermodel:item/destructor_destroyerhandle","4":"bettermodel:item/destructor_destroyerbody","particle":"bettermodel:item/destructor_destroyercloth"},"elements":[{"from":[7.768917,7.7825103,7.9886723],"to":[8.231083,8.018125,8.011328],"faces":{"north":{"uv":[0.0,0.0,2.5,1.25],"tintindex":-2,"texture":"#0"},"east":{"uv":[6.25,2.0,6.5,3.25],"tintindex":-2,"texture":"#0"},"south":{"uv":[0.0,1.25,2.5,2.5],"tintindex":-2,"texture":"#0"},"west":{"uv":[6.25,4.25,6.5,5.5],"tintindex":-2,"texture":"#0"},"up":{"uv":[8.0,4.0,5.5,3.75],"tintindex":-2,"texture":"#0"},"down":{"uv":[8.0,4.0,5.5,4.25],"tintindex":-2,"texture":"#0"}}}],"display":{"fixed":{"scale":[4,4,4]}}}