{"textures":{"0":"bettermodel:item/destructor_destroyercloth","1":"bettermodel:item/destructor_destroyerhead","2":"bettermodel:item/destructor_destroyerblade","3":"bettermodel:item/destructor_destroyerhandle","4":"bettermodel:item/destructor_destroyerbody","particle":"bettermodel:item/destructor_destroyercloth"},"elements":[{"from":[7.977345,7.807431,7.9546895],"to":[8.113276,8.011328,8.04531],"faces":{"north":{"uv":[9.0,3.0,10.5,5.5],"tintindex":-2,"texture":"#4"},"east":{"uv":[3.0,9.0,4.0,11.5],"tintindex":-2,"texture":"#4"},"south":{"uv":[9.0,5.5,10.5,8.0],"tintindex":-2,"texture":"#4"},"west":{"uv":[3.0,11.5,4.0,14.0],"tintindex":-2,"texture":"#4"},"up":{"uv":[13.5,10.0,12.0,9.0],"tintindex":-2,"texture":"#4"},"down":{"uv":[14.0,5.0,12.5,6.0],"tintindex":-2,"texture":"#4"}}}],"display":{"fixed":{"scale":[4,4,4]}}}