{"textures":{"0":"bettermodel:item/destructor_destroyercloth","1":"bettermodel:item/destructor_destroyerhead","2":"bettermodel:item/destructor_destroyerblade","3":"bettermodel:item/destructor_destroyerhandle","4":"bettermodel:item/destructor_destroyerbody","particle":"bettermodel:item/destructor_destroyercloth"},"elements":[{"from":[7.9320345,7.8187585,7.9546895],"to":[8.0679655,8.0,8.04531],"faces":{"north":{"uv":[8.5,10.5,10.0,12.5],"tintindex":-2,"texture":"#4"},"east":{"uv":[12.0,7.0,13.0,9.0],"tintindex":-2,"texture":"#4"},"south":{"uv":[10.0,10.5,11.5,12.5],"tintindex":-2,"texture":"#4"},"west":{"uv":[12.5,3.0,13.5,5.0],"tintindex":-2,"texture":"#4"},"up":{"uv":[13.0,14.0,11.5,13.0],"tintindex":-2,"texture":"#4"},"down":{"uv":[14.5,12.0,13.0,13.0],"tintindex":-2,"texture":"#4"}}}],"display":{"fixed":{"scale":[4,4,4]}}}