{"textures":{"0":"bettermodel:item/destructor_destroyercloth","1":"bettermodel:item/destructor_destroyerhead","2":"bettermodel:item/destructor_destroyerblade","3":"bettermodel:item/destructor_destroyerhandle","4":"bettermodel:item/destructor_destroyerbody","5":"bettermodel:item/destructor_destroyerarmor","6":"bettermodel:item/destructor_destroyercape","7":"bettermodel:item/destructor_destroyercapetransition","8":"bettermodel:item/destructor_destroyerpants","particle":"bettermodel:item/destructor_destroyercloth"},"elements":[{"from":[8.009062,8.416855,7.9365654],"to":[8.081558,8.489351,8.04531],"faces":{"north":{"uv":[9.0,7.5,10.0,8.5],"tintindex":-2,"texture":"#5"},"east":{"uv":[8.5,9.0,9.5,10.0],"tintindex":-2,"texture":"#5"},"south":{"uv":[5.5,9.5,6.5,10.5],"tintindex":-2,"texture":"#5"},"west":{"uv":[6.5,9.5,7.5,10.5],"tintindex":-2,"texture":"#5"},"up":{"uv":[10.5,9.5,9.5,8.5],"tintindex":-2,"texture":"#5"},"down":{"uv":[10.5,9.5,9.5,10.5],"tintindex":-2,"texture":"#5"}}},{"from":[7.9184413,8.507476,7.9365654],"to":[7.9909377,8.579972,8.04531],"faces":{"north":{"uv":[7.892855,0.0,8.37857,0.48],"tintindex":-2,"texture":"#5"},"east":{"uv":[0.0,8.4,0.607145,9.0],"tintindex":-2,"texture":"#5"},"south":{"uv":[7.892855,0.6,8.5,1.2],"tintindex":-2,"texture":"#5"},"west":{"uv":[0.607145,8.4,1.214285,9.0],"tintindex":-2,"texture":"#5"},"up":{"uv":[8.5,1.8,7.892855,1.2],"tintindex":-2,"texture":"#5"},"down":{"uv":[1.82143,8.4,1.214285,9.0],"tintindex":-2,"texture":"#5"}}},{"from":[7.9184413,8.416855,7.9365654],"to":[7.9909377,8.489351,8.04531],"faces":{"north":{"uv":[1.82143,8.4,2.307145,8.88],"tintindex":-2,"texture":"#5"},"east":{"uv":[2.42857,8.4,3.035715,9.0],"tintindex":-2,"texture":"#5"},"south":{"uv":[7.892855,3.0,8.5,3.6],"tintindex":-2,"texture":"#5"},"west":{"uv":[7.892855,3.6,8.5,4.2],"tintindex":-2,"texture":"#5"},"up":{"uv":[4.857145,9.0,4.25,8.4],"tintindex":-2,"texture":"#5"},"down":{"uv":[5.464285,8.4,4.857145,9.0],"tintindex":-2,"texture":"#5"}}},{"from":[7.9184413,8.326235,7.9365654],"to":[7.9909377,8.398731,8.04531],"faces":{"north":{"uv":[5.464285,8.4,5.95,8.88],"tintindex":-2,"texture":"#5"},"east":{"uv":[6.07143,8.4,6.67857,9.0],"tintindex":-2,"texture":"#5"},"south":{"uv":[6.67857,8.4,7.285715,9.0],"tintindex":-2,"texture":"#5"},"west":{"uv":[7.285715,8.4,7.892855,9.0],"tintindex":-2,"texture":"#5"},"up":{"uv":[8.5,8.4,7.892855,7.8],"tintindex":-2,"texture":"#5"},"down":{"uv":[8.5,8.4,7.892855,9.0],"tintindex":-2,"texture":"#5"}}},{"from":[8.009062,8.326235,7.9365654],"to":[8.081558,8.398731,8.04531],"faces":{"north":{"uv":[0.0,10.0,1.0,11.0],"tintindex":-2,"texture":"#5"},"east":{"uv":[10.0,0.0,11.0,1.0],"tintindex":-2,"texture":"#5"},"south":{"uv":[1.0,10.0,2.0,11.0],"tintindex":-2,"texture":"#5"},"west":{"uv":[10.0,1.0,11.0,2.0],"tintindex":-2,"texture":"#5"},"up":{"uv":[3.0,11.0,2.0,10.0],"tintindex":-2,"texture":"#5"},"down":{"uv":[11.0,2.0,10.0,3.0],"tintindex":-2,"texture":"#5"}}},{"from":[8.009062,8.507476,7.9365654],"to":[8.081558,8.579972,8.04531],"faces":{"north":{"uv":[2.0,9.0,3.0,10.0],"tintindex":-2,"texture":"#5"},"east":{"uv":[3.0,9.0,4.0,10.0],"tintindex":-2,"texture":"#5"},"south":{"uv":[9.0,4.5,10.0,5.5],"tintindex":-2,"texture":"#5"},"west":{"uv":[9.0,5.5,10.0,6.5],"tintindex":-2,"texture":"#5"},"up":{"uv":[10.0,7.5,9.0,6.5],"tintindex":-2,"texture":"#5"},"down":{"uv":[8.5,9.0,7.5,10.0],"tintindex":-2,"texture":"#5"}}}],"display":{"fixed":{"scale":[4,4,4]}}}