{"textures":{"0":"bettermodel:item/destructor_destroyercloth","1":"bettermodel:item/destructor_destroyerhead","2":"bettermodel:item/destructor_destroyerblade","3":"bettermodel:item/destructor_destroyerhandle","4":"bettermodel:item/destructor_destroyerbody","5":"bettermodel:item/destructor_destroyerarmor","6":"bettermodel:item/destructor_destroyercape","7":"bettermodel:item/destructor_destroyercapetransition","8":"bettermodel:item/destructor_destroyerpants","particle":"bettermodel:item/destructor_destroyercloth"},"elements":[{"from":[7.886724,7.807431,7.9546895],"to":[8.0226555,8.011328,8.04531],"faces":{"north":{"uv":[7.0,9.0,8.5,11.5],"tintindex":-2,"texture":"#4"},"east":{"uv":[4.0,11.5,5.0,14.0],"tintindex":-2,"texture":"#4"},"south":{"uv":[9.0,8.0,10.5,10.5],"tintindex":-2,"texture":"#4"},"west":{"uv":[5.0,11.5,6.0,14.0],"tintindex":-2,"texture":"#4"},"up":{"uv":[14.5,11.0,13.0,10.0],"tintindex":-2,"texture":"#4"},"down":{"uv":[14.5,11.0,13.0,12.0],"tintindex":-2,"texture":"#4"}}}],"display":{"fixed":{"scale":[4,4,4]}}}