{"textures":{"0":"bettermodel:item/destructor_destroyercloth","1":"bettermodel:item/destructor_destroyerhead","2":"bettermodel:item/destructor_destroyerblade","3":"bettermodel:item/destructor_destroyerhandle","4":"bettermodel:item/destructor_destroyerbody","5":"bettermodel:item/destructor_destroyerarmor","6":"bettermodel:item/destructor_destroyercape","7":"bettermodel:item/destructor_destroyercapetransition","8":"bettermodel:item/destructor_destroyerpants","particle":"bettermodel:item/destructor_destroyercloth"},"elements":[{"from":[7.7999806,7.8699646,7.9901824],"to":[8.198711,8.014957,8.012837],"faces":{"north":{"uv":[0.0,0.0,9.0,3.0],"tintindex":-2,"texture":"#6"},"east":{"uv":[0.0,8.0,1.0,11.0],"tintindex":-2,"texture":"#6"},"south":{"uv":[0.0,3.0,9.0,6.0],"tintindex":-2,"texture":"#6"},"west":{"uv":[1.0,8.0,2.0,11.0],"tintindex":-2,"texture":"#6"},"up":{"uv":[9.0,7.0,0.0,6.0],"tintindex":-2,"texture":"#6"},"down":{"uv":[9.0,7.0,0.0,8.0],"tintindex":-2,"texture":"#6"}}}],"display":{"fixed":{"scale":[4,4,4]}}}