{"textures":{"0":"bettermodel:item/destructor_destroyercloth","1":"bettermodel:item/destructor_destroyerhead","2":"bettermodel:item/destructor_destroyerblade","3":"bettermodel:item/destructor_destroyerhandle","4":"bettermodel:item/destructor_destroyerbody","particle":"bettermodel:item/destructor_destroyercloth"},"elements":[{"from":[7.8006344,7.855007,7.9886723],"to":[8.199366,8.0,8.011328],"faces":{"north":{"uv":[3.75,4.25,6.0,5.0],"tintindex":-2,"texture":"#0"},"east":{"uv":[2.5,1.75,2.75,2.5],"tintindex":-2,"texture":"#0"},"south":{"uv":[1.75,5.0,4.0,5.75],"tintindex":-2,"texture":"#0"},"west":{"uv":[2.75,1.75,3.0,2.5],"tintindex":-2,"texture":"#0"},"up":{"uv":[7.75,6.0,5.5,5.75],"tintindex":-2,"texture":"#0"},"down":{"uv":[8.25,0.0,6.0,0.25],"tintindex":-2,"texture":"#0"}}}],"display":{"fixed":{"scale":[4,4,4]}}}