{"textures":{"0":"bettermodel:item/king_kinghair","1":"bettermodel:item/king_kingbody","2":"bettermodel:item/king_kingleg","3":"bettermodel:item/king_kingskin","4":"bettermodel:item/king_kingface","5":"bettermodel:item/king_kingcrown","particle":"bettermodel:item/king_kinghair"},"elements":[{"from":[8.0,9.495241,7.728138],"to":[8.271862,9.676482,8.271862],"faces":{"north":{"uv":[6.0,2.0,9.0,4.0],"tintindex":-2,"texture":"#5"},"east":{"uv":[0.0,6.0,6.0,8.0],"tintindex":-2,"texture":"#5"},"south":{"uv":[6.0,4.0,9.0,6.0],"tintindex":-2,"texture":"#5"},"west":{"uv":[6.0,0.0,12.0,2.0],"tintindex":-2,"texture":"#5"},"up":{"uv":[3.0,6.0,0.0,0.0],"tintindex":-2,"texture":"#5"},"down":{"uv":[6.0,0.0,3.0,6.0],"tintindex":-2,"texture":"#5"}}},{"from":[7.728138,9.495241,7.728138],"to":[8.0,9.676482,8.271862],"faces":{"north":{"uv":[1.0,0.0,4.0,2.0],"tintindex":-2,"texture":"#5"},"east":{"uv":[1.0,0.0,7.0,2.0],"tintindex":-2,"texture":"#5"},"south":{"uv":[1.0,0.0,4.0,2.0],"tintindex":-2,"texture":"#5"},"west":{"uv":[1.0,0.0,7.0,2.0],"tintindex":-2,"texture":"#5"},"up":{"uv":[1.0,0.0,4.0,6.0],"tintindex":-2,"texture":"#5"},"down":{"uv":[1.0,0.0,4.0,6.0],"tintindex":-2,"texture":"#5"}}},{"from":[8.181241,9.676482,7.9093795],"to":[8.271862,9.767103,8.090621],"faces":{"north":{"uv":[9.0,3.0,10.0,4.0],"tintindex":-2,"texture":"#5"},"east":{"uv":[6.0,6.0,8.0,7.0],"tintindex":-2,"texture":"#5"},"south":{"uv":[4.0,9.0,5.0,10.0],"tintindex":-2,"texture":"#5"},"west":{"uv":[6.0,7.0,8.0,8.0],"tintindex":-2,"texture":"#5"},"up":{"uv":[1.0,10.0,0.0,8.0],"tintindex":-2,"texture":"#5"},"down":{"uv":[2.0,8.0,1.0,10.0],"tintindex":-2,"texture":"#5"}}},{"from":[8.181241,9.676482,8.181241],"to":[8.271862,9.767103,8.271862],"faces":{"north":{"uv":[9.0,4.0,10.0,5.0],"tintindex":-2,"texture":"#5"},"east":{"uv":[5.0,9.0,6.0,10.0],"tintindex":-2,"texture":"#5"},"south":{"uv":[9.0,5.0,10.0,6.0],"tintindex":-2,"texture":"#5"},"west":{"uv":[6.0,9.0,7.0,10.0],"tintindex":-2,"texture":"#5"},"up":{"uv":[8.0,10.0,7.0,9.0],"tintindex":-2,"texture":"#5"},"down":{"uv":[9.0,9.0,8.0,10.0],"tintindex":-2,"texture":"#5"}}},{"from":[7.9093795,9.676482,7.728138],"to":[8.090621,9.767103,7.8187585],"faces":{"north":{"uv":[2.0,8.0,4.0,9.0],"tintindex":-2,"texture":"#5"},"east":{"uv":[9.0,9.0,10.0,10.0],"tintindex":-2,"texture":"#5"},"south":{"uv":[4.0,8.0,6.0,9.0],"tintindex":-2,"texture":"#5"},"west":{"uv":[0.0,10.0,1.0,11.0],"tintindex":-2,"texture":"#5"},"up":{"uv":[8.0,9.0,6.0,8.0],"tintindex":-2,"texture":"#5"},"down":{"uv":[10.0,6.0,8.0,7.0],"tintindex":-2,"texture":"#5"}}},{"from":[7.9093795,9.676482,8.181241],"to":[8.090621,9.767103,8.271862],"faces":{"north":{"uv":[8.0,7.0,10.0,8.0],"tintindex":-2,"texture":"#5"},"east":{"uv":[1.0,10.0,2.0,11.0],"tintindex":-2,"texture":"#5"},"south":{"uv":[8.0,8.0,10.0,9.0],"tintindex":-2,"texture":"#5"},"west":{"uv":[2.0,10.0,3.0,11.0],"tintindex":-2,"texture":"#5"},"up":{"uv":[4.0,10.0,2.0,9.0],"tintindex":-2,"texture":"#5"},"down":{"uv":[11.0,2.0,9.0,3.0],"tintindex":-2,"texture":"#5"}}},{"from":[8.181241,9.676482,7.728138],"to":[8.271862,9.767103,7.8187585],"faces":{"north":{"uv":[3.0,10.0,4.0,11.0],"tintindex":-2,"texture":"#5"},"east":{"uv":[10.0,3.0,11.0,4.0],"tintindex":-2,"texture":"#5"},"south":{"uv":[4.0,10.0,5.0,11.0],"tintindex":-2,"texture":"#5"},"west":{"uv":[10.0,4.0,11.0,5.0],"tintindex":-2,"texture":"#5"},"up":{"uv":[6.0,11.0,5.0,10.0],"tintindex":-2,"texture":"#5"},"down":{"uv":[11.0,5.0,10.0,6.0],"tintindex":-2,"texture":"#5"}}},{"from":[7.728138,9.676482,7.728138],"to":[7.8187585,9.767103,7.8187585],"faces":{"north":{"uv":[1.0,0.0,2.0,1.0],"tintindex":-2,"texture":"#5"},"east":{"uv":[1.0,0.0,2.0,1.0],"tintindex":-2,"texture":"#5"},"south":{"uv":[1.0,0.0,2.0,1.0],"tintindex":-2,"texture":"#5"},"west":{"uv":[1.0,0.0,2.0,1.0],"tintindex":-2,"texture":"#5"},"up":{"uv":[1.0,0.0,2.0,1.0],"tintindex":-2,"texture":"#5"},"down":{"uv":[1.0,0.0,2.0,1.0],"tintindex":-2,"texture":"#5"}}},{"from":[7.728138,9.676482,7.9093795],"to":[7.8187585,9.767103,8.090621],"faces":{"north":{"uv":[1.0,0.0,2.0,1.0],"tintindex":-2,"texture":"#5"},"east":{"uv":[1.0,0.0,3.0,1.0],"tintindex":-2,"texture":"#5"},"south":{"uv":[1.0,0.0,2.0,1.0],"tintindex":-2,"texture":"#5"},"west":{"uv":[1.0,0.0,3.0,1.0],"tintindex":-2,"texture":"#5"},"up":{"uv":[1.0,0.0,2.0,2.0],"tintindex":-2,"texture":"#5"},"down":{"uv":[1.0,0.0,2.0,2.0],"tintindex":-2,"texture":"#5"}}},{"from":[7.728138,9.676482,8.181241],"to":[7.8187585,9.767103,8.271862],"faces":{"north":{"uv":[1.0,0.0,2.0,1.0],"tintindex":-2,"texture":"#5"},"east":{"uv":[1.0,0.0,2.0,1.0],"tintindex":-2,"texture":"#5"},"south":{"uv":[1.0,0.0,2.0,1.0],"tintindex":-2,"texture":"#5"},"west":{"uv":[1.0,0.0,2.0,1.0],"tintindex":-2,"texture":"#5"},"up":{"uv":[1.0,0.0,2.0,1.0],"tintindex":-2,"texture":"#5"},"down":{"uv":[1.0,0.0,2.0,1.0],"tintindex":-2,"texture":"#5"}}}]}