{"textures":{"0":"bettermodel:item/king_kinghair","1":"bettermodel:item/king_kingbody","2":"bettermodel:item/king_kingleg","3":"bettermodel:item/king_kingskin","4":"bettermodel:item/king_kingface","5":"bettermodel:item/king_kingcrown","particle":"bettermodel:item/king_kinghair"},"elements":[{"from":[7.3656554,7.6601725,7.3656554],"to":[8.634345,9.132758,8.634345],"faces":{"north":{"uv":[0.0,0.0,3.5,4.125],"tintindex":-2,"texture":"#1"},"east":{"uv":[3.5,0.0,7.0,4.125],"tintindex":-2,"texture":"#1"},"south":{"uv":[0.0,4.125,3.5,8.25],"tintindex":-2,"texture":"#1"},"west":{"uv":[3.5,4.125,7.0,8.25],"tintindex":-2,"texture":"#1"},"up":{"uv":[10.5,3.5,7.0,0.0],"tintindex":-2,"texture":"#1"},"down":{"uv":[10.5,3.5,7.0,7.0],"tintindex":-2,"texture":"#1"}}}],"display":{"fixed":{"scale":[4,4,4]}}}