{"textures":{"0":"bettermodel:item/king_kinghair","1":"bettermodel:item/king_kingbody","2":"bettermodel:item/king_kingleg","3":"bettermodel:item/king_kingskin","4":"bettermodel:item/king_kingface","5":"bettermodel:item/king_kingcrown","particle":"bettermodel:item/king_kinghair"},"elements":[{"from":[7.438152,8.57091,7.048483],"to":[7.9275036,9.014952,7.3656554],"faces":{"north":{"uv":[0.0,0.0,5.5,5.0],"tintindex":-2,"texture":"#2"},"east":{"uv":[5.5,7.0,9.0,12.0],"tintindex":-2,"texture":"#2"},"south":{"uv":[0.0,5.0,5.5,10.0],"tintindex":-2,"texture":"#2"},"west":{"uv":[9.0,7.0,12.5,12.0],"tintindex":-2,"texture":"#2"},"up":{"uv":[11.0,3.5,5.5,0.0],"tintindex":-2,"texture":"#2"},"down":{"uv":[11.0,3.5,5.5,7.0],"tintindex":-2,"texture":"#2"}}},{"from":[7.4789314,8.61169,6.8219314],"to":[7.886724,8.974173,7.3656554],"faces":{"north":{"uv":[4.5,4.25,2.25,6.25],"tintindex":-2,"texture":"#3"},"east":{"uv":[3.0,4.25,0.0,6.25],"tintindex":-2,"texture":"#3"},"south":{"uv":[4.25,4.25,2.0,6.25],"tintindex":-2,"texture":"#3"},"west":{"uv":[5.5,2.25,2.5,4.25],"tintindex":-2,"texture":"#3"},"up":{"uv":[4.0,2.75,1.75,5.75],"tintindex":-2,"texture":"#3"},"down":{"uv":[2.5,2.0,0.25,5.0],"tintindex":-2,"texture":"#3"}}}]}