{"textures":{"0":"bettermodel:item/king_kinghair","1":"bettermodel:item/king_kingbody","2":"bettermodel:item/king_kingleg","3":"bettermodel:item/king_kingskin","4":"bettermodel:item/king_kingface","5":"bettermodel:item/king_kingcrown","particle":"bettermodel:item/king_kinghair"},"elements":[{"from":[7.0937934,8.271862,7.8187585],"to":[7.3656554,9.087448,8.181241],"faces":{"north":{"uv":[1.75,0.25,0.25,5.5],"tintindex":-2,"texture":"#3"},"east":{"uv":[3.75,1.0,1.75,6.25],"tintindex":-2,"texture":"#3"},"south":{"uv":[3.0,1.0,1.5,6.25],"tintindex":-2,"texture":"#3"},"west":{"uv":[4.0,0.0,2.0,5.25],"tintindex":-2,"texture":"#3"},"up":{"uv":[5.5,1.75,4.0,4.5],"tintindex":-2,"texture":"#3"},"down":{"uv":[1.5,6.25,0.0,9.0],"tintindex":-2,"texture":"#3"}}},{"from":[7.048483,8.679655,7.7734485],"to":[7.5106483,9.178068,8.226552],"faces":{"north":{"uv":[0.25,0.0,1.525,1.375],"tintindex":-2,"texture":"#1"},"east":{"uv":[0.25,0.0,1.5,1.375],"tintindex":-2,"texture":"#1"},"south":{"uv":[0.25,0.0,1.525,1.375],"tintindex":-2,"texture":"#1"},"west":{"uv":[0.25,0.0,1.5,1.375],"tintindex":-2,"texture":"#1"},"up":{"uv":[0.25,0.0,1.525,1.25],"tintindex":-2,"texture":"#1"},"down":{"uv":[0.25,0.0,1.525,1.25],"tintindex":-2,"texture":"#1"}}}]}