{"textures":{"0":"bettermodel:item/mapacho_ears","1":"bettermodel:item/mapacho_mainhead","2":"bettermodel:item/mapacho_nose","3":"bettermodel:item/mapacho_legs","4":"bettermodel:item/mapacho_body","5":"bettermodel:item/mapacho_tail","particle":"bettermodel:item/mapacho_ears"},"elements":[{"from":[7.941097,7.941097,7.9093795],"to":[8.058904,8.058904,8.090621],"faces":{"north":{"uv":[0.0,8.0,3.0,11.0],"tintindex":-2,"texture":"#5"},"east":{"uv":[0.0,0.0,4.0,3.0],"tintindex":-2,"texture":"#5"},"south":{"uv":[9.0,0.0,12.0,3.0],"tintindex":-2,"texture":"#5"},"west":{"uv":[0.0,4.0,4.0,7.0],"tintindex":-2,"texture":"#5"},"up":{"uv":[8.0,4.0,5.0,0.0],"tintindex":-2,"texture":"#5"},"down":{"uv":[8.0,5.0,5.0,9.0],"tintindex":-2,"texture":"#5"}}}]}