{"textures":{"0":"bettermodel:item/mapacho_ears","1":"bettermodel:item/mapacho_mainhead","2":"bettermodel:item/mapacho_nose","3":"bettermodel:item/mapacho_legs","4":"bettermodel:item/mapacho_body","5":"bettermodel:item/mapacho_tail","particle":"bettermodel:item/mapacho_ears"},"elements":[{"from":[7.974272,7.9507914,7.986155],"to":[8.046768,8.009695,8.031466],"faces":{"north":{"uv":[5.0,9.0,7.0,10.0],"tintindex":-2,"texture":"#0"},"east":{"uv":[13.0,4.0,14.0,5.0],"tintindex":-2,"texture":"#0"},"south":{"uv":[9.0,6.0,11.0,7.0],"tintindex":-2,"texture":"#0"},"west":{"uv":[5.0,13.0,6.0,14.0],"tintindex":-2,"texture":"#0"},"up":{"uv":[11.0,9.0,9.0,8.0],"tintindex":-2,"texture":"#0"},"down":{"uv":[11.0,9.0,9.0,10.0],"tintindex":-2,"texture":"#0"}}},{"from":[7.974272,7.9507914,7.9635],"to":[8.001458,7.9779773,8.031466],"faces":{"north":{"uv":[13.0,5.0,14.0,6.0],"tintindex":-2,"texture":"#0"},"east":{"uv":[10.0,0.0,12.0,1.0],"tintindex":-2,"texture":"#0"},"south":{"uv":[6.0,13.0,7.0,14.0],"tintindex":-2,"texture":"#0"},"west":{"uv":[10.0,1.0,12.0,2.0],"tintindex":-2,"texture":"#0"},"up":{"uv":[8.0,11.0,7.0,9.0],"tintindex":-2,"texture":"#0"},"down":{"uv":[1.0,10.0,0.0,12.0],"tintindex":-2,"texture":"#0"}}},{"from":[7.969741,8.027819,7.9635],"to":[8.033175,8.055005,8.031466],"faces":{"north":{"uv":[13.0,8.0,14.0,9.0],"tintindex":-2,"texture":"#0"},"east":{"uv":[9.0,10.0,11.0,11.0],"tintindex":-2,"texture":"#0"},"south":{"uv":[9.0,13.0,10.0,14.0],"tintindex":-2,"texture":"#0"},"west":{"uv":[1.0,11.0,3.0,12.0],"tintindex":-2,"texture":"#0"},"up":{"uv":[4.0,13.0,3.0,11.0],"tintindex":-2,"texture":"#0"},"down":{"uv":[12.0,3.0,11.0,5.0],"tintindex":-2,"texture":"#0"}}},{"from":[7.96521,8.009695,7.986155],"to":[8.028645,8.0368805,8.031466],"faces":{"north":{"uv":[13.0,9.0,14.0,10.0],"tintindex":-2,"texture":"#0"},"east":{"uv":[10.0,13.0,11.0,14.0],"tintindex":-2,"texture":"#0"},"south":{"uv":[13.0,10.0,14.0,11.0],"tintindex":-2,"texture":"#0"},"west":{"uv":[11.0,13.0,12.0,14.0],"tintindex":-2,"texture":"#0"},"up":{"uv":[14.0,12.0,13.0,11.0],"tintindex":-2,"texture":"#0"},"down":{"uv":[13.0,13.0,12.0,14.0],"tintindex":-2,"texture":"#0"}}},{"from":[8.046768,7.941729,7.9635],"to":[8.064893,7.9915705,8.031466],"faces":{"north":{"uv":[13.0,12.0,14.0,13.0],"tintindex":-2,"texture":"#0"},"east":{"uv":[11.0,6.0,13.0,7.0],"tintindex":-2,"texture":"#0"},"south":{"uv":[13.0,13.0,14.0,14.0],"tintindex":-2,"texture":"#0"},"west":{"uv":[10.0,11.0,12.0,12.0],"tintindex":-2,"texture":"#0"},"up":{"uv":[1.0,14.0,0.0,12.0],"tintindex":-2,"texture":"#0"},"down":{"uv":[13.0,0.0,12.0,2.0],"tintindex":-2,"texture":"#0"}}},{"from":[7.9561477,7.964384,7.9635],"to":[7.978803,8.0368805,8.031466],"faces":{"north":{"uv":[1.0,12.0,2.0,14.0],"tintindex":-2,"texture":"#0"},"east":{"uv":[2.0,4.0,4.0,6.0],"tintindex":-2,"texture":"#0"},"south":{"uv":[2.0,12.0,3.0,14.0],"tintindex":-2,"texture":"#0"},"west":{"uv":[4.0,2.0,6.0,4.0],"tintindex":-2,"texture":"#0"},"up":{"uv":[13.0,4.0,12.0,2.0],"tintindex":-2,"texture":"#0"},"down":{"uv":[13.0,4.0,12.0,6.0],"tintindex":-2,"texture":"#0"}}}]}