{"textures":{"0":"bettermodel:item/mapacho_ears","1":"bettermodel:item/mapacho_mainhead","2":"bettermodel:item/mapacho_nose","3":"bettermodel:item/mapacho_legs","4":"bettermodel:item/mapacho_body","5":"bettermodel:item/mapacho_tail","particle":"bettermodel:item/mapacho_ears"},"elements":[{"from":[7.9090962,7.922957,7.970418],"to":[8.090338,8.090605,8.138066],"faces":{"north":{"uv":[8.0,11.5,12.0,15.0],"tintindex":-2,"texture":"#1"},"east":{"uv":[0.0,2.5,2.0,4.5],"tintindex":-2,"texture":"#1"},"south":{"uv":[2.5,0.0,4.5,2.0],"tintindex":-2,"texture":"#1"},"west":{"uv":[2.5,2.5,4.5,4.5],"tintindex":-2,"texture":"#1"},"up":{"uv":[2.0,7.0,0.0,5.0],"tintindex":-2,"texture":"#1"},"down":{"uv":[7.0,0.0,5.0,2.0],"tintindex":-2,"texture":"#1"}}},{"from":[7.9679995,7.9682674,7.861673],"to":[8.026903,8.036233,7.9387007],"faces":{"north":{"uv":[1.0,11.0,1.5,11.5],"tintindex":-2,"texture":"#1"},"east":{"uv":[10.0,3.5,11.0,4.0],"tintindex":-2,"texture":"#1"},"south":{"uv":[2.0,11.0,2.5,11.5],"tintindex":-2,"texture":"#1"},"west":{"uv":[10.0,4.5,11.0,5.0],"tintindex":-2,"texture":"#1"},"up":{"uv":[10.5,6.5,10.0,5.5],"tintindex":-2,"texture":"#1"},"down":{"uv":[11.0,0.0,10.5,1.0],"tintindex":-2,"texture":"#1"}}},{"from":[7.8637857,7.932019,8.015728],"to":[7.913627,8.040764,8.151659],"faces":{"north":{"uv":[10.5,1.5,11.0,2.5],"tintindex":-2,"texture":"#1"},"east":{"uv":[1.5,7.5,3.0,8.5],"tintindex":-2,"texture":"#1"},"south":{"uv":[10.5,7.0,11.0,8.0],"tintindex":-2,"texture":"#1"},"west":{"uv":[3.5,7.5,5.0,8.5],"tintindex":-2,"texture":"#1"},"up":{"uv":[10.0,3.0,9.5,1.5],"tintindex":-2,"texture":"#1"},"down":{"uv":[10.0,7.0,9.5,8.5],"tintindex":-2,"texture":"#1"}}},{"from":[8.090338,7.932019,8.015728],"to":[8.140179,8.040764,8.151659],"faces":{"north":{"uv":[10.5,8.5,11.0,9.5],"tintindex":-2,"texture":"#1"},"east":{"uv":[5.5,7.5,7.0,8.5],"tintindex":-2,"texture":"#1"},"south":{"uv":[10.5,10.0,11.0,11.0],"tintindex":-2,"texture":"#1"},"west":{"uv":[7.5,7.5,9.0,8.5],"tintindex":-2,"texture":"#1"},"up":{"uv":[10.0,10.5,9.5,9.0],"tintindex":-2,"texture":"#1"},"down":{"uv":[0.5,10.0,0.0,11.5],"tintindex":-2,"texture":"#1"}}}]}