{"textures":{"0":"bettermodel:item/mapacho_ears","1":"bettermodel:item/mapacho_mainhead","2":"bettermodel:item/mapacho_nose","3":"bettermodel:item/mapacho_legs","4":"bettermodel:item/mapacho_body","5":"bettermodel:item/mapacho_tail","particle":"bettermodel:item/mapacho_ears"},"elements":[{"from":[7.9546895,7.9932036,7.9739466],"to":[8.04531,8.052107,8.046443],"faces":{"north":{"uv":[3.0,7.5,4.0,8.0],"tintindex":-2,"texture":"#3"},"east":{"uv":[4.5,7.5,5.5,8.0],"tintindex":-2,"texture":"#3"},"south":{"uv":[0.0,8.0,1.0,8.5],"tintindex":-2,"texture":"#3"},"west":{"uv":[1.5,8.0,2.5,8.5],"tintindex":-2,"texture":"#3"},"up":{"uv":[1.0,4.0,0.0,3.0],"tintindex":-2,"texture":"#3"},"down":{"uv":[4.0,0.0,3.0,1.0],"tintindex":-2,"texture":"#3"}}},{"from":[7.9546895,7.9614863,7.9512916],"to":[8.04531,7.9932036,8.028319],"faces":{"north":{"uv":[8.0,5.5,9.0,6.0],"tintindex":-2,"texture":"#3"},"east":{"uv":[6.0,8.0,7.0,8.5],"tintindex":-2,"texture":"#3"},"south":{"uv":[8.0,6.5,9.0,7.0],"tintindex":-2,"texture":"#3"},"west":{"uv":[7.5,8.0,8.5,8.5],"tintindex":-2,"texture":"#3"},"up":{"uv":[2.5,4.0,1.5,3.0],"tintindex":-2,"texture":"#3"},"down":{"uv":[4.0,1.5,3.0,2.5],"tintindex":-2,"texture":"#3"}}}]}