{"textures":{"0":"bettermodel:item/mossgolem_gloves","1":"bettermodel:item/mossgolem_texture","2":"bettermodel:item/mossgolem_boots","3":"bettermodel:item/mossgolem_sock","4":"bettermodel:item/mossgolem_rock","5":"bettermodel:item/mossgolem_topgrassplusrock","6":"bettermodel:item/mossgolem_rockface","7":"bettermodel:item/mossgolem_glasses","particle":"bettermodel:item/mossgolem_gloves"},"elements":[{"from":[10.401447,8.0,5.8704147],"to":[11.307654,8.860896,9.40462],"faces":{"north":{"uv":[4.875,4.875,6.125,6.0625],"tintindex":-2,"texture":"#7"},"east":{"uv":[0.0,4.875,4.875,6.0625],"tintindex":-2,"texture":"#7"},"south":{"uv":[11.0,4.875,12.25,6.0625],"tintindex":-2,"texture":"#7"},"west":{"uv":[6.125,4.875,11.0,6.0625],"tintindex":-2,"texture":"#7"},"up":{"uv":[6.125,4.875,4.875,0.0],"tintindex":-2,"texture":"#7"},"down":{"uv":[7.375,0.0,6.125,4.875],"tintindex":-2,"texture":"#7"}}}],"display":{"fixed":{"scale":[4,4,4]}}}