{"textures":{"0":"bettermodel:item/mossgolem_gloves","1":"bettermodel:item/mossgolem_texture","2":"bettermodel:item/mossgolem_boots","3":"bettermodel:item/mossgolem_sock","4":"bettermodel:item/mossgolem_rock","5":"bettermodel:item/mossgolem_topgrassplusrock","6":"bettermodel:item/mossgolem_rockface","7":"bettermodel:item/mossgolem_glasses","particle":"bettermodel:item/mossgolem_gloves"},"elements":[{"from":[7.320345,7.6828275,5.8613524],"to":[7.7734485,9.178068,6.8219314],"faces":{"north":{"uv":[5.875,13.5625,5.25,15.625],"tintindex":-2,"texture":"#7"},"east":{"uv":[7.1875,13.5625,5.875,15.625],"tintindex":-2,"texture":"#7"},"south":{"uv":[7.8125,13.5625,7.1875,15.625],"tintindex":-2,"texture":"#7"},"west":{"uv":[5.25,13.5625,3.9375,15.625],"tintindex":-2,"texture":"#7"},"up":{"uv":[5.25,13.5625,5.875,12.25],"tintindex":-2,"texture":"#7"},"down":{"uv":[5.875,12.25,6.5,13.5625],"tintindex":-2,"texture":"#7"}}},{"from":[9.948344,7.6828275,5.8613524],"to":[10.401447,9.178068,6.8219314],"faces":{"north":{"uv":[5.25,13.5625,5.875,15.625],"tintindex":-2,"texture":"#7"},"east":{"uv":[3.9375,13.5625,5.25,15.625],"tintindex":-2,"texture":"#7"},"south":{"uv":[7.1875,13.5625,7.8125,15.625],"tintindex":-2,"texture":"#7"},"west":{"uv":[5.875,13.5625,7.1875,15.625],"tintindex":-2,"texture":"#7"},"up":{"uv":[5.875,13.5625,5.25,12.25],"tintindex":-2,"texture":"#7"},"down":{"uv":[6.5,12.25,5.875,13.5625],"tintindex":-2,"texture":"#7"}}},{"from":[8.226552,7.6828275,5.8613524],"to":[8.679655,9.178068,6.8219314],"faces":{"north":{"uv":[5.25,13.5625,5.875,15.625],"tintindex":-2,"texture":"#7"},"east":{"uv":[3.9375,13.5625,5.25,15.625],"tintindex":-2,"texture":"#7"},"south":{"uv":[7.1875,13.5625,7.8125,15.625],"tintindex":-2,"texture":"#7"},"west":{"uv":[5.875,13.5625,7.1875,15.625],"tintindex":-2,"texture":"#7"},"up":{"uv":[5.875,13.5625,5.25,12.25],"tintindex":-2,"texture":"#7"},"down":{"uv":[6.5,12.25,5.875,13.5625],"tintindex":-2,"texture":"#7"}}},{"from":[5.5985527,7.6828275,5.8613524],"to":[6.051656,9.178068,6.8219314],"faces":{"north":{"uv":[5.875,13.5625,5.25,15.625],"tintindex":-2,"texture":"#7"},"east":{"uv":[7.1875,13.5625,5.875,15.625],"tintindex":-2,"texture":"#7"},"south":{"uv":[7.8125,13.5625,7.1875,15.625],"tintindex":-2,"texture":"#7"},"west":{"uv":[5.25,13.5625,3.9375,15.625],"tintindex":-2,"texture":"#7"},"up":{"uv":[5.25,13.5625,5.875,12.25],"tintindex":-2,"texture":"#7"},"down":{"uv":[5.875,12.25,6.5,13.5625],"tintindex":-2,"texture":"#7"}}}]}