{"textures":{"0":"bettermodel:item/mossgolem_gloves","1":"bettermodel:item/mossgolem_texture","2":"bettermodel:item/mossgolem_boots","3":"bettermodel:item/mossgolem_sock","4":"bettermodel:item/mossgolem_rock","5":"bettermodel:item/mossgolem_topgrassplusrock","6":"bettermodel:item/mossgolem_rockface","7":"bettermodel:item/mossgolem_glasses","particle":"bettermodel:item/mossgolem_gloves"},"elements":[{"from":[5.9157248,3.6728635,7.376983],"to":[10.084275,8.135931,11.545533],"faces":{"north":{"uv":[0.0,0.0,2.875,3.09375],"tintindex":-2,"texture":"#2"},"east":{"uv":[2.90625,0.0,5.78125,3.09375],"tintindex":-2,"texture":"#2"},"south":{"uv":[0.0,3.125,2.875,6.21875],"tintindex":-2,"texture":"#2"},"west":{"uv":[2.90625,3.125,5.78125,6.21875],"tintindex":-2,"texture":"#2"},"up":{"uv":[8.6875,9.125,5.8125,6.25],"tintindex":-2,"texture":"#2"},"down":{"uv":[11.59375,0.0,8.71875,2.875],"tintindex":-2,"texture":"#2"}}},{"from":[5.906663,3.6728635,5.7005005],"to":[10.093337,6.346173,7.376983],"faces":{"north":{"uv":[8.71875,8.71875,11.59375,10.5625],"tintindex":-2,"texture":"#2"},"east":{"uv":[11.625,0.0,12.78125,1.84375],"tintindex":-2,"texture":"#2"},"south":{"uv":[5.8125,9.15625,8.6875,11.0],"tintindex":-2,"texture":"#2"},"west":{"uv":[11.625,1.875,12.78125,3.71875],"tintindex":-2,"texture":"#2"},"up":{"uv":[11.59375,11.75,8.71875,10.59375],"tintindex":-2,"texture":"#2"},"down":{"uv":[8.6875,11.03125,5.8125,12.1875],"tintindex":-2,"texture":"#2"}}}],"display":{"fixed":{"scale":[4,4,4]}}}