{"textures":{"0":"bettermodel:item/mossgolem_gloves","1":"bettermodel:item/mossgolem_texture","2":"bettermodel:item/mossgolem_boots","3":"bettermodel:item/mossgolem_sock","4":"bettermodel:item/mossgolem_rock","5":"bettermodel:item/mossgolem_topgrassplusrock","6":"bettermodel:item/mossgolem_rockface","7":"bettermodel:item/mossgolem_glasses","particle":"bettermodel:item/mossgolem_gloves"},"elements":[{"from":[3.061174,11.738102,4.669691],"to":[12.938826,12.644308,11.013137],"faces":{"north":{"uv":[1.75,2.5,3.3125,3.125],"tintindex":-2,"texture":"#4"},"east":{"uv":[6.5,11.5,8.59375,12.125],"tintindex":-2,"texture":"#4"},"south":{"uv":[7.0,12.0,9.0625,12.375],"tintindex":-2,"texture":"#4"},"west":{"uv":[7.25,11.5,8.09375,12.125],"tintindex":-2,"texture":"#4"},"up":{"uv":[8.5,12.5,7.25,13.25],"tintindex":-2,"texture":"#4"},"down":{"uv":[7.5,12.0,8.75,12.75],"tintindex":-2,"texture":"#5"}}},{"from":[2.3362088,4.261898,3.763484],"to":[13.663792,11.738102,12.236516],"faces":{"north":{"uv":[0.5,0.725,4.1875,4.975],"tintindex":-2,"texture":"#4"},"east":{"uv":[1.0,6.25,4.25,9.5],"tintindex":-2,"texture":"#4"},"south":{"uv":[5.75,1.0,9.25,4.75],"tintindex":-2,"texture":"#4"},"west":{"uv":[6.5,6.5,10.25,9.5],"tintindex":-2,"texture":"#6"},"up":{"uv":[6.0,10.5,9.0,13.5],"tintindex":-2,"texture":"#4"},"down":{"uv":[1.0,10.5,4.0,13.25],"tintindex":-2,"texture":"#5"}}}]}