{"textures":{"0":"bettermodel:item/mossgolem_gloves","1":"bettermodel:item/mossgolem_texture","2":"bettermodel:item/mossgolem_boots","3":"bettermodel:item/mossgolem_sock","4":"bettermodel:item/mossgolem_rock","5":"bettermodel:item/mossgolem_topgrassplusrock","6":"bettermodel:item/mossgolem_rockface","7":"bettermodel:item/mossgolem_glasses","particle":"bettermodel:item/mossgolem_gloves"},"elements":[{"from":[7.286362,5.7911215,6.300863],"to":[11.908016,9.959672,10.469413],"faces":{"north":{"uv":[2.578125,4.71875,4.171875,6.15625],"tintindex":-2,"texture":"#0"},"east":{"uv":[5.796875,5.5625,7.15625,7.0],"tintindex":-2,"texture":"#0"},"south":{"uv":[4.1875,4.71875,5.78125,6.15625],"tintindex":-2,"texture":"#0"},"west":{"uv":[5.921875,0.0,7.28125,1.4375],"tintindex":-2,"texture":"#0"},"up":{"uv":[6.515625,4.171875,4.921875,2.8125],"tintindex":-2,"texture":"#0"},"down":{"uv":[7.390625,4.1875,5.796875,5.546875],"tintindex":-2,"texture":"#0"}}}]}