{"textures":{"0":"bettermodel:item/mossgolem_gloves","1":"bettermodel:item/mossgolem_texture","2":"bettermodel:item/mossgolem_boots","3":"bettermodel:item/mossgolem_sock","4":"bettermodel:item/mossgolem_rock","5":"bettermodel:item/mossgolem_topgrassplusrock","6":"bettermodel:item/mossgolem_rockface","7":"bettermodel:item/mossgolem_glasses","particle":"bettermodel:item/mossgolem_gloves"},"elements":[{"from":[7.0937934,8.344358,7.1119175],"to":[8.906206,9.53149,8.933393],"faces":{"north":{"uv":[5.125,0.0,10.125,3.25],"tintindex":-2,"texture":"#1"},"east":{"uv":[5.125,3.375,10.125,6.625],"tintindex":-2,"texture":"#1"},"south":{"uv":[5.125,6.75,10.125,10.0],"tintindex":-2,"texture":"#1"},"west":{"uv":[5.125,10.125,10.125,13.375],"tintindex":-2,"texture":"#1"},"up":{"uv":[5.0,5.0,0.0,0.0],"tintindex":-2,"texture":"#1"},"down":{"uv":[5.0,5.125,0.0,10.125],"tintindex":-2,"texture":"#1"}}},{"from":[6.6860003,5.8386984,6.504759],"to":[9.313999,8.330767,9.44993],"faces":{"north":{"uv":[0.75,2.75,3.25,4.5],"tintindex":-2,"texture":"#4"},"east":{"uv":[6.5,3.25,8.0,4.5],"tintindex":-2,"texture":"#4"},"south":{"uv":[5.75,11.5,8.0,13.0],"tintindex":-2,"texture":"#4"},"west":{"uv":[0.25,11.25,3.0,13.25],"tintindex":-2,"texture":"#4"},"up":{"uv":[0.5,6.75,2.5,9.0],"tintindex":-2,"texture":"#4"},"down":{"uv":[6.75,7.75,8.25,9.25],"tintindex":-2,"texture":"#4"}}}]}