{"textures":{"0":"bettermodel:item/mossgolem_gloves","1":"bettermodel:item/mossgolem_texture","2":"bettermodel:item/mossgolem_boots","3":"bettermodel:item/mossgolem_sock","4":"bettermodel:item/mossgolem_rock","5":"bettermodel:item/mossgolem_topgrassplusrock","6":"bettermodel:item/mossgolem_rockface","7":"bettermodel:item/mossgolem_glasses","particle":"bettermodel:item/mossgolem_gloves"},"elements":[{"from":[5.9157248,3.6728635,7.376983],"to":[10.084275,8.135931,11.545533],"faces":{"north":{"uv":[5.8125,0.0,8.6875,3.09375],"tintindex":-2,"texture":"#2"},"east":{"uv":[5.8125,3.125,8.6875,6.21875],"tintindex":-2,"texture":"#2"},"south":{"uv":[0.0,6.25,2.875,9.34375],"tintindex":-2,"texture":"#2"},"west":{"uv":[2.90625,6.25,5.78125,9.34375],"tintindex":-2,"texture":"#2"},"up":{"uv":[11.59375,5.78125,8.71875,2.90625],"tintindex":-2,"texture":"#2"},"down":{"uv":[11.59375,5.8125,8.71875,8.6875],"tintindex":-2,"texture":"#2"}}},{"from":[5.906663,3.6728635,5.7005005],"to":[10.093337,6.346173,7.376983],"faces":{"north":{"uv":[0.0,9.375,2.875,11.21875],"tintindex":-2,"texture":"#2"},"east":{"uv":[11.625,3.75,12.78125,5.59375],"tintindex":-2,"texture":"#2"},"south":{"uv":[2.90625,9.375,5.78125,11.21875],"tintindex":-2,"texture":"#2"},"west":{"uv":[11.625,5.625,12.78125,7.46875],"tintindex":-2,"texture":"#2"},"up":{"uv":[2.875,12.40625,0.0,11.25],"tintindex":-2,"texture":"#2"},"down":{"uv":[5.78125,11.25,2.90625,12.40625],"tintindex":-2,"texture":"#2"}}}]}