{"parent":"minecraft:item/generated","textures":{"layer0":"minecraft:item/leather_horse_armor"},"overrides":[{"predicate":{"custom_model_data":1},"model":"bettermodel:item/mapacho_legfr_1"},{"predicate":{"custom_model_data":2},"model":"bettermodel:item/mapacho_legfl_1"},{"predicate":{"custom_model_data":3},"model":"bettermodel:item/mapacho_legbr_1"},{"predicate":{"custom_model_data":4},"model":"bettermodel:item/mapacho_legbl_1"},{"predicate":{"custom_model_data":5},"model":"bettermodel:item/mapacho_body_1"},{"predicate":{"custom_model_data":6},"model":"bettermodel:item/mapacho_tail_1"},{"predicate":{"custom_model_data":7},"model":"bettermodel:item/mapacho_tailbone_1"},{"predicate":{"custom_model_data":8},"model":"bettermodel:item/mapacho_earr_1"},{"predicate":{"custom_model_data":9},"model":"bettermodel:item/mapacho_earl_1"},{"predicate":{"custom_model_data":10},"model":"bettermodel:item/mapacho_nose_1"},{"predicate":{"custom_model_data":11},"model":"bettermodel:item/mapacho_mainhead_1"},{"predicate":{"custom_model_data":12},"model":"bettermodel:item/destructor_body_1"},{"predicate":{"custom_model_data":13},"model":"bettermodel:item/destructor_abs_1"},{"predicate":{"custom_model_data":14},"model":"bettermodel:item/destructor_pecs_1"},{"predicate":{"custom_model_data":15},"model":"bettermodel:item/destructor_bone2_1"},{"predicate":{"custom_model_data":16},"model":"bettermodel:item/destructor_bone_1"},{"predicate":{"custom_model_data":17},"model":"bettermodel:item/destructor_head_1"},{"predicate":{"custom_model_data":18},"model":"bettermodel:item/destructor_clothe_1"},{"predicate":{"custom_model_data":19},"model":"bettermodel:item/destructor_joint1_1"},{"predicate":{"custom_model_data":20},"model":"bettermodel:item/destructor_joint2_1"},{"predicate":{"custom_model_data":21},"model":"bettermodel:item/destructor_joint3_1"},{"predicate":{"custom_model_data":22},"model":"bettermodel:item/destructor_bone3_1"},{"predicate":{"custom_model_data":23},"model":"bettermodel:item/destructor_bone6_1"},{"predicate":{"custom_model_data":24},"model":"bettermodel:item/destructor_sword_1"},{"predicate":{"custom_model_data":25},"model":"bettermodel:item/destructor_bone4_1"},{"predicate":{"custom_model_data":26},"model":"bettermodel:item/destructor_bone5_1"},{"predicate":{"custom_model_data":27},"model":"bettermodel:item/king_body_1"},{"predicate":{"custom_model_data":28},"model":"bettermodel:item/king_left_1"},{"predicate":{"custom_model_data":29},"model":"bettermodel:item/king_right_1"},{"predicate":{"custom_model_data":30},"model":"bettermodel:item/king_left2_1"},{"predicate":{"custom_model_data":31},"model":"bettermodel:item/king_right2_1"},{"predicate":{"custom_model_data":32},"model":"bettermodel:item/king_head_1"},{"predicate":{"custom_model_data":33},"model":"bettermodel:item/king_crown_1"},{"predicate":{"custom_model_data":36},"model":"bettermodel:item/mossgolem_belly_1"},{"predicate":{"custom_model_data":37},"model":"bettermodel:item/mossgolem_back_1"},{"predicate":{"custom_model_data":38},"model":"bettermodel:item/mossgolem_head_1"},{"predicate":{"custom_model_data":39},"model":"bettermodel:item/mossgolem_glasses_1"},{"predicate":{"custom_model_data":40},"model":"bettermodel:item/mossgolem_r_1"},{"predicate":{"custom_model_data":41},"model":"bettermodel:item/mossgolem_l_1"},{"predicate":{"custom_model_data":42},"model":"bettermodel:item/mossgolem_shoulder2_1"},{"predicate":{"custom_model_data":43},"model":"bettermodel:item/mossgolem_bicep2_1"},{"predicate":{"custom_model_data":44},"model":"bettermodel:item/mossgolem_jointl_1"},{"predicate":{"custom_model_data":45},"model":"bettermodel:item/mossgolem_handl_1"},{"predicate":{"custom_model_data":46},"model":"bettermodel:item/mossgolem_fingersl_1"},{"predicate":{"custom_model_data":47},"model":"bettermodel:item/mossgolem_thumbl_1"},{"predicate":{"custom_model_data":48},"model":"bettermodel:item/mossgolem_thumbljoint_1"},{"predicate":{"custom_model_data":49},"model":"bettermodel:item/mossgolem_shoulder_1"},{"predicate":{"custom_model_data":50},"model":"bettermodel:item/mossgolem_bicep_1"},{"predicate":{"custom_model_data":51},"model":"bettermodel:item/mossgolem_jointr_1"},{"predicate":{"custom_model_data":52},"model":"bettermodel:item/mossgolem_handr_1"},{"predicate":{"custom_model_data":53},"model":"bettermodel:item/mossgolem_fingersr_1"},{"predicate":{"custom_model_data":54},"model":"bettermodel:item/mossgolem_thumbr_1"},{"predicate":{"custom_model_data":55},"model":"bettermodel:item/mossgolem_thumbljoint2_1"},{"predicate":{"custom_model_data":56},"model":"bettermodel:item/mossgolem_rightleg_1"},{"predicate":{"custom_model_data":57},"model":"bettermodel:item/mossgolem_jointr2_1"},{"predicate":{"custom_model_data":58},"model":"bettermodel:item/mossgolem_footr_1"},{"predicate":{"custom_model_data":59},"model":"bettermodel:item/mossgolem_leftleg_1"},{"predicate":{"custom_model_data":60},"model":"bettermodel:item/mossgolem_jointl2_1"},{"predicate":{"custom_model_data":61},"model":"bettermodel:item/mossgolem_footl_1"},{"predicate":{"custom_model_data":62},"model":"bettermodel:item/souls_bone_1"},{"predicate":{"custom_model_data":63},"model":"bettermodel:item/souls_bone2_1"},{"predicate":{"custom_model_data":64},"model":"bettermodel:item/souls_bone27_1"},{"predicate":{"custom_model_data":65},"model":"bettermodel:item/souls_bone26_1"},{"predicate":{"custom_model_data":71},"model":"bettermodel:item/souls_bone18_1"},{"predicate":{"custom_model_data":72},"model":"bettermodel:item/souls_bone17_1"},{"predicate":{"custom_model_data":73},"model":"bettermodel:item/souls_bone20_1"},{"predicate":{"custom_model_data":77},"model":"bettermodel:item/souls_bone14_1"},{"predicate":{"custom_model_data":78},"model":"bettermodel:item/souls_bone13_1"},{"predicate":{"custom_model_data":79},"model":"bettermodel:item/souls_bone11_1"},{"predicate":{"custom_model_data":80},"model":"bettermodel:item/souls_bone10_1"},{"predicate":{"custom_model_data":81},"model":"bettermodel:item/souls_bone9_1"},{"predicate":{"custom_model_data":82},"model":"bettermodel:item/souls_bone8_1"},{"predicate":{"custom_model_data":83},"model":"bettermodel:item/souls_bone7_1"},{"predicate":{"custom_model_data":84},"model":"bettermodel:item/souls_bone6_1"},{"predicate":{"custom_model_data":85},"model":"bettermodel:item/souls_bone5_1"},{"predicate":{"custom_model_data":86},"model":"bettermodel:item/souls_bone4_1"},{"predicate":{"custom_model_data":87},"model":"bettermodel:item/souls_bone12_1"}]}