{"parent":"minecraft:item/generated","textures":{"layer0":"minecraft:item/leather_horse_armor"},"overrides":[{"predicate":{"custom_model_data":1},"model":"bettermodel:item/mapacho_legfr_1"},{"predicate":{"custom_model_data":2},"model":"bettermodel:item/mapacho_legfl_1"},{"predicate":{"custom_model_data":3},"model":"bettermodel:item/mapacho_legbr_1"},{"predicate":{"custom_model_data":4},"model":"bettermodel:item/mapacho_legbl_1"},{"predicate":{"custom_model_data":5},"model":"bettermodel:item/mapacho_body_1"},{"predicate":{"custom_model_data":6},"model":"bettermodel:item/mapacho_tail_1"},{"predicate":{"custom_model_data":7},"model":"bettermodel:item/mapacho_tailbone_1"},{"predicate":{"custom_model_data":8},"model":"bettermodel:item/mapacho_earr_1"},{"predicate":{"custom_model_data":9},"model":"bettermodel:item/mapacho_earl_1"},{"predicate":{"custom_model_data":10},"model":"bettermodel:item/mapacho_nose_1"},{"predicate":{"custom_model_data":11},"model":"bettermodel:item/mapacho_mainhead_1"},{"predicate":{"custom_model_data":12},"model":"bettermodel:item/king_body_1"},{"predicate":{"custom_model_data":13},"model":"bettermodel:item/king_left_1"},{"predicate":{"custom_model_data":14},"model":"bettermodel:item/king_right_1"},{"predicate":{"custom_model_data":15},"model":"bettermodel:item/king_left2_1"},{"predicate":{"custom_model_data":16},"model":"bettermodel:item/king_right2_1"},{"predicate":{"custom_model_data":17},"model":"bettermodel:item/king_head_1"},{"predicate":{"custom_model_data":18},"model":"bettermodel:item/king_crown_1"},{"predicate":{"custom_model_data":21},"model":"bettermodel:item/mossgolem_belly_1"},{"predicate":{"custom_model_data":22},"model":"bettermodel:item/mossgolem_back_1"},{"predicate":{"custom_model_data":23},"model":"bettermodel:item/mossgolem_head_1"},{"predicate":{"custom_model_data":24},"model":"bettermodel:item/mossgolem_glasses_1"},{"predicate":{"custom_model_data":25},"model":"bettermodel:item/mossgolem_r_1"},{"predicate":{"custom_model_data":26},"model":"bettermodel:item/mossgolem_l_1"},{"predicate":{"custom_model_data":27},"model":"bettermodel:item/mossgolem_shoulder2_1"},{"predicate":{"custom_model_data":28},"model":"bettermodel:item/mossgolem_bicep2_1"},{"predicate":{"custom_model_data":29},"model":"bettermodel:item/mossgolem_jointl_1"},{"predicate":{"custom_model_data":30},"model":"bettermodel:item/mossgolem_handl_1"},{"predicate":{"custom_model_data":31},"model":"bettermodel:item/mossgolem_fingersl_1"},{"predicate":{"custom_model_data":32},"model":"bettermodel:item/mossgolem_thumbl_1"},{"predicate":{"custom_model_data":33},"model":"bettermodel:item/mossgolem_thumbljoint_1"},{"predicate":{"custom_model_data":34},"model":"bettermodel:item/mossgolem_shoulder_1"},{"predicate":{"custom_model_data":35},"model":"bettermodel:item/mossgolem_bicep_1"},{"predicate":{"custom_model_data":36},"model":"bettermodel:item/mossgolem_jointr_1"},{"predicate":{"custom_model_data":37},"model":"bettermodel:item/mossgolem_handr_1"},{"predicate":{"custom_model_data":38},"model":"bettermodel:item/mossgolem_fingersr_1"},{"predicate":{"custom_model_data":39},"model":"bettermodel:item/mossgolem_thumbr_1"},{"predicate":{"custom_model_data":40},"model":"bettermodel:item/mossgolem_thumbljoint2_1"},{"predicate":{"custom_model_data":41},"model":"bettermodel:item/mossgolem_rightleg_1"},{"predicate":{"custom_model_data":42},"model":"bettermodel:item/mossgolem_jointr2_1"},{"predicate":{"custom_model_data":43},"model":"bettermodel:item/mossgolem_footr_1"},{"predicate":{"custom_model_data":44},"model":"bettermodel:item/mossgolem_leftleg_1"},{"predicate":{"custom_model_data":45},"model":"bettermodel:item/mossgolem_jointl2_1"},{"predicate":{"custom_model_data":46},"model":"bettermodel:item/mossgolem_footl_1"}]}