{"textures":{"0":"bettermodel:item/destructor_destroyercloth","1":"bettermodel:item/destructor_destroyerhead","2":"bettermodel:item/destructor_destroyerblade","3":"bettermodel:item/destructor_destroyerhandle","4":"bettermodel:item/destructor_destroyerbody","5":"bettermodel:item/destructor_destroyerarmor","6":"bettermodel:item/destructor_destroyercape","7":"bettermodel:item/destructor_destroyercapetransition","8":"bettermodel:item/destructor_destroyerpants","particle":"bettermodel:item/destructor_destroyercloth"},"elements":[{"from":[7.9052258,7.893636,7.827821],"to":[7.927881,8.120188,8.172179],"faces":{"north":{"uv":[6.0,2.0,6.25,3.25],"tintindex":0,"texture":"#0"},"east":{"uv":[1.75,2.5,3.75,3.75],"tintindex":0,"texture":"#0"},"south":{"uv":[6.0,6.0,6.25,7.25],"tintindex":0,"texture":"#0"},"west":{"uv":[1.75,3.75,3.75,5.0],"tintindex":0,"texture":"#0"},"up":{"uv":[5.75,8.0,5.5,6.0],"tintindex":0,"texture":"#0"},"down":{"uv":[6.0,6.0,5.75,8.0],"tintindex":0,"texture":"#0"}}}],"display":{"fixed":{"scale":[4,4,4],"rotation":[-0.0,89.98021,-0.0]}}}