{"textures":{"0":"bettermodel:item/destructor_destroyercloth","1":"bettermodel:item/destructor_destroyerhead","2":"bettermodel:item/destructor_destroyerblade","3":"bettermodel:item/destructor_destroyerhandle","4":"bettermodel:item/destructor_destroyerbody","particle":"bettermodel:item/destructor_destroyercloth"},"elements":[{"from":[7.9097567,7.8095803,7.8811336],"to":[7.927881,7.89567,7.9037886],"faces":{"north":{"uv":[5.0,1.25,5.25,1.75],"tintindex":0,"texture":"#0"},"east":{"uv":[5.25,1.25,5.5,1.75],"tintindex":0,"texture":"#0"},"south":{"uv":[6.0,0.75,6.25,1.25],"tintindex":0,"texture":"#0"},"west":{"uv":[6.0,3.25,6.25,3.75],"tintindex":0,"texture":"#0"},"up":{"uv":[6.25,5.0,6.0,4.75],"tintindex":0,"texture":"#0"},"down":{"uv":[6.5,5.5,6.25,5.75],"tintindex":0,"texture":"#0"}}}],"display":{"fixed":{"scale":[4,4,4],"rotation":[90.00001,59.999985,-90.00001]}}}