{"textures":{"0":"bettermodel:item/destructor_destroyercloth","1":"bettermodel:item/destructor_destroyerhead","2":"bettermodel:item/destructor_destroyerblade","3":"bettermodel:item/destructor_destroyerhandle","4":"bettermodel:item/destructor_destroyerbody","particle":"bettermodel:item/destructor_destroyercloth"},"elements":[{"from":[7.7999806,7.8699646,7.9901824],"to":[8.198711,8.014957,8.012837],"faces":{"north":{"uv":[4.0,5.0,6.25,5.75],"tintindex":0,"texture":"#0"},"east":{"uv":[3.0,1.75,3.25,2.5],"tintindex":0,"texture":"#0"},"south":{"uv":[5.5,1.25,7.75,2.0],"tintindex":0,"texture":"#0"},"west":{"uv":[3.25,1.75,3.5,2.5],"tintindex":0,"texture":"#0"},"up":{"uv":[8.25,0.5,6.0,0.25],"tintindex":0,"texture":"#0"},"down":{"uv":[8.25,0.5,6.0,0.75],"tintindex":0,"texture":"#0"}}}],"display":{"fixed":{"scale":[4,4,4]}}}