{"textures":{"0":"bettermodel:item/destructor_destroyercloth","1":"bettermodel:item/destructor_destroyerhead","2":"bettermodel:item/destructor_destroyerblade","3":"bettermodel:item/destructor_destroyerhandle","4":"bettermodel:item/destructor_destroyerbody","particle":"bettermodel:item/destructor_destroyercloth"},"elements":[{"from":[7.977345,7.857272,7.758043],"to":[8.0226555,8.147259,7.8033533],"faces":{"north":{"uv":[6.0,0.0,7.0,6.0],"tintindex":0,"texture":"#3"},"east":{"uv":[6.0,6.0,7.0,12.0],"tintindex":0,"texture":"#3"},"south":{"uv":[7.0,0.0,8.0,6.0],"tintindex":0,"texture":"#3"},"west":{"uv":[7.0,6.0,8.0,12.0],"tintindex":0,"texture":"#3"},"up":{"uv":[11.0,5.0,10.0,4.0],"tintindex":0,"texture":"#3"},"down":{"uv":[11.0,5.0,10.0,6.0],"tintindex":0,"texture":"#3"}}}],"display":{"fixed":{"scale":[4,4,4],"rotation":[90.0,0.0,-0.0]}}}