{"textures":{"0":"bettermodel:item/destructor_destroyercloth","1":"bettermodel:item/destructor_destroyerhead","2":"bettermodel:item/destructor_destroyerblade","3":"bettermodel:item/destructor_destroyerhandle","4":"bettermodel:item/destructor_destroyerbody","5":"bettermodel:item/destructor_destroyerarmor","6":"bettermodel:item/destructor_destroyercape","7":"bettermodel:item/destructor_destroyercapetransition","8":"bettermodel:item/destructor_destroyerpants","particle":"bettermodel:item/destructor_destroyercloth"},"elements":[{"from":[8.027186,7.9320345,7.947893],"to":[8.199366,8.0679655,8.052107],"faces":{"north":{"uv":[7.0,0.0,9.0,1.5],"tintindex":0,"texture":"#5"},"east":{"uv":[9.0,0.0,10.0,1.5],"tintindex":0,"texture":"#5"},"south":{"uv":[7.0,1.5,9.0,3.0],"tintindex":0,"texture":"#5"},"west":{"uv":[9.0,1.5,10.0,3.0],"tintindex":0,"texture":"#5"},"up":{"uv":[7.5,9.5,5.5,8.5],"tintindex":0,"texture":"#5"},"down":{"uv":[2.0,9.0,0.0,10.0],"tintindex":0,"texture":"#5"}}},{"from":[7.8006344,7.9320345,7.947893],"to":[7.9728136,8.0679655,8.052107],"faces":{"north":{"uv":[0.0,2.5,1.5,4.5],"rotation":90.0,"tintindex":0,"texture":"#5"},"east":{"uv":[0.0,3.5,1.5,4.5],"rotation":90.0,"tintindex":0,"texture":"#5"},"south":{"uv":[7.0,2.5,8.5,4.5],"rotation":90.0,"tintindex":0,"texture":"#5"},"west":{"uv":[0.0,0.0,1.5,1.0],"rotation":90.0,"tintindex":0,"texture":"#5"},"up":{"uv":[8.0,4.5,7.0,2.5],"rotation":90.0,"tintindex":0,"texture":"#5"},"down":{"uv":[2.5,3.5,3.5,1.5],"rotation":90.0,"tintindex":0,"texture":"#5"}}}],"display":{"fixed":{"scale":[4,4,4]}}}