{"textures":{"0":"bettermodel:item/destructor_destroyercloth","1":"bettermodel:item/destructor_destroyerhead","2":"bettermodel:item/destructor_destroyerblade","3":"bettermodel:item/destructor_destroyerhandle","4":"bettermodel:item/destructor_destroyerbody","particle":"bettermodel:item/destructor_destroyercloth"},"elements":[{"from":[7.995469,8.241957,7.8844585],"to":[8.004531,9.737198,8.120072],"faces":{"north":{"uv":[2.5,0.0,2.75,8.25],"tintindex":0,"texture":"#2"},"east":{"uv":[0.0,0.0,1.25,8.25],"tintindex":0,"texture":"#2"},"south":{"uv":[2.75,0.0,3.0,8.25],"tintindex":0,"texture":"#2"},"west":{"uv":[1.25,0.0,2.5,8.25],"tintindex":0,"texture":"#2"},"up":{"uv":[4.5,2.75,4.25,1.5],"tintindex":0,"texture":"#2"},"down":{"uv":[4.5,2.75,4.25,4.0],"tintindex":0,"texture":"#2"}}},{"from":[7.995469,9.737198,7.952424],"to":[8.004531,10.022654,8.120072],"faces":{"north":{"uv":[4.0,0.0,4.25,1.5],"tintindex":0,"texture":"#2"},"east":{"uv":[3.0,0.0,4.0,1.5],"tintindex":0,"texture":"#2"},"south":{"uv":[4.0,1.5,4.25,3.0],"tintindex":0,"texture":"#2"},"west":{"uv":[3.0,1.5,4.0,3.0],"tintindex":0,"texture":"#2"},"up":{"uv":[4.5,5.0,4.25,4.0],"tintindex":0,"texture":"#2"},"down":{"uv":[4.75,0.0,4.5,1.0],"tintindex":0,"texture":"#2"}}},{"from":[7.995469,10.00906,8.02039],"to":[8.004531,10.294516,8.120072],"faces":{"north":{"uv":[4.0,3.0,4.25,4.5],"tintindex":0,"texture":"#2"},"east":{"uv":[3.0,3.0,3.5,4.5],"tintindex":0,"texture":"#2"},"south":{"uv":[4.25,0.0,4.5,1.5],"tintindex":0,"texture":"#2"},"west":{"uv":[3.5,3.0,4.0,4.5],"tintindex":0,"texture":"#2"},"up":{"uv":[4.75,1.5,4.5,1.0],"tintindex":0,"texture":"#2"},"down":{"uv":[4.75,1.5,4.5,2.0],"tintindex":0,"texture":"#2"}}},{"from":[7.977345,7.8794746,7.9796104],"to":[8.0226555,8.196647,8.02492],"faces":{"north":{"uv":[2.0,5.0,3.0,12.0],"tintindex":0,"texture":"#3"},"east":{"uv":[3.0,5.0,4.0,12.0],"tintindex":0,"texture":"#3"},"south":{"uv":[4.0,5.0,5.0,12.0],"tintindex":0,"texture":"#3"},"west":{"uv":[5.0,5.0,6.0,12.0],"tintindex":0,"texture":"#3"},"up":{"uv":[11.0,7.0,10.0,6.0],"tintindex":0,"texture":"#3"},"down":{"uv":[11.0,7.0,10.0,8.0],"tintindex":0,"texture":"#3"}}}],"display":{"fixed":{"scale":[4,4,4]}}}