{"textures":{"0":"bettermodel:item/destructor_destroyercloth","1":"bettermodel:item/destructor_destroyerhead","2":"bettermodel:item/destructor_destroyerblade","3":"bettermodel:item/destructor_destroyerhandle","4":"bettermodel:item/destructor_destroyerbody","5":"bettermodel:item/destructor_destroyerarmor","6":"bettermodel:item/destructor_destroyercape","7":"bettermodel:item/destructor_destroyercapetransition","8":"bettermodel:item/destructor_destroyerpants","particle":"bettermodel:item/destructor_destroyercloth"},"elements":[{"from":[7.768917,7.7825103,7.9886723],"to":[8.231083,8.018125,8.011328],"faces":{"north":{"uv":[0.0,0.0,10.0,5.0],"tintindex":0,"texture":"#6"},"east":{"uv":[25.0,8.0,26.0,13.0],"tintindex":0,"texture":"#6"},"south":{"uv":[0.0,5.0,10.0,10.0],"tintindex":0,"texture":"#6"},"west":{"uv":[25.0,17.0,26.0,22.0],"tintindex":0,"texture":"#6"},"up":{"uv":[32.0,16.0,22.0,15.0],"tintindex":0,"texture":"#6"},"down":{"uv":[32.0,16.0,22.0,17.0],"tintindex":0,"texture":"#6"}}}],"display":{"fixed":{"scale":[4,4,4]}}}