{"textures":{"0":"bettermodel:item/destructor_destroyercloth","1":"bettermodel:item/destructor_destroyerhead","2":"bettermodel:item/destructor_destroyerblade","3":"bettermodel:item/destructor_destroyerhandle","4":"bettermodel:item/destructor_destroyerbody","5":"bettermodel:item/destructor_destroyerarmor","6":"bettermodel:item/destructor_destroyercape","7":"bettermodel:item/destructor_destroyercapetransition","8":"bettermodel:item/destructor_destroyerpants","particle":"bettermodel:item/destructor_destroyercloth"},"elements":[{"from":[7.9932036,7.901694,7.8279514],"to":[8.011328,7.9877834,7.850607],"faces":{"north":{"uv":[2.0,1.0,3.0,3.0],"tintindex":0,"texture":"#7"},"east":{"uv":[2.0,1.0,1.0,3.0],"tintindex":0,"texture":"#7"},"south":{"uv":[24.0,3.0,25.0,5.0],"tintindex":0,"texture":"#7"},"west":{"uv":[0.5,1.0,1.0,2.9],"tintindex":0,"texture":"#7"},"up":{"uv":[25.0,20.0,24.0,19.0],"tintindex":0,"texture":"#7"},"down":{"uv":[26.0,22.0,25.0,23.0],"tintindex":0,"texture":"#7"}}}],"display":{"fixed":{"scale":[4,4,4],"rotation":[90.00001,59.999985,-90.00001]}}}