{"textures":{"0":"bettermodel:item/destructor_destroyercloth","1":"bettermodel:item/destructor_destroyerhead","2":"bettermodel:item/destructor_destroyerblade","3":"bettermodel:item/destructor_destroyerhandle","4":"bettermodel:item/destructor_destroyerbody","5":"bettermodel:item/destructor_destroyerarmor","6":"bettermodel:item/destructor_destroyercape","7":"bettermodel:item/destructor_destroyercapetransition","8":"bettermodel:item/destructor_destroyerpants","particle":"bettermodel:item/destructor_destroyercloth"},"elements":[{"from":[7.9320345,7.8527412,7.9546895],"to":[8.0679655,8.056638,8.04531],"faces":{"north":{"uv":[9.0,3.0,10.5,5.5],"tintindex":0,"texture":"#4"},"east":{"uv":[3.0,9.0,4.0,11.5],"tintindex":0,"texture":"#4"},"south":{"uv":[9.0,5.5,10.5,8.0],"tintindex":0,"texture":"#4"},"west":{"uv":[3.0,11.5,4.0,14.0],"tintindex":0,"texture":"#4"},"up":{"uv":[13.5,10.0,12.0,9.0],"tintindex":0,"texture":"#4"},"down":{"uv":[14.0,5.0,12.5,6.0],"tintindex":0,"texture":"#4"}}}],"display":{"fixed":{"scale":[4,4,4]}}}