{"textures":{"0":"bettermodel:item/destructor_destroyercloth","1":"bettermodel:item/destructor_destroyerhead","2":"bettermodel:item/destructor_destroyerblade","3":"bettermodel:item/destructor_destroyerhandle","4":"bettermodel:item/destructor_destroyerbody","particle":"bettermodel:item/destructor_destroyercloth"},"elements":[{"from":[7.9916935,7.770629,7.8655424],"to":[8.009817,7.8567185,7.8927283],"faces":{"north":{"uv":[6.0,4.25,6.25,4.75],"tintindex":0,"texture":"#0"},"east":{"uv":[6.25,0.75,6.5,1.25],"tintindex":0,"texture":"#0"},"south":{"uv":[6.25,3.25,6.5,3.75],"tintindex":0,"texture":"#0"},"west":{"uv":[6.25,6.0,6.5,6.5],"tintindex":0,"texture":"#0"},"up":{"uv":[6.75,3.75,6.5,3.5],"tintindex":0,"texture":"#0"},"down":{"uv":[6.75,4.25,6.5,4.5],"tintindex":0,"texture":"#0"}}}],"display":{"fixed":{"scale":[4,4,4],"rotation":[90.00001,59.999985,-90.00001]}}}