{"textures":{"0":"bettermodel:item/destructor_destroyercloth","1":"bettermodel:item/destructor_destroyerhead","2":"bettermodel:item/destructor_destroyerblade","3":"bettermodel:item/destructor_destroyerhandle","4":"bettermodel:item/destructor_destroyerbody","5":"bettermodel:item/destructor_destroyerarmor","6":"bettermodel:item/destructor_destroyercape","7":"bettermodel:item/destructor_destroyercapetransition","8":"bettermodel:item/destructor_destroyerpants","particle":"bettermodel:item/destructor_destroyercloth"},"elements":[{"from":[7.9320345,7.8187585,7.9546895],"to":[8.0679655,8.0,8.04531],"faces":{"north":{"uv":[10.5,6.0,12.0,8.0],"tintindex":0,"texture":"#4"},"east":{"uv":[7.5,11.5,8.5,13.5],"tintindex":0,"texture":"#4"},"south":{"uv":[10.5,8.0,12.0,10.0],"tintindex":0,"texture":"#4"},"west":{"uv":[1.5,12.0,2.5,14.0],"tintindex":0,"texture":"#4"},"up":{"uv":[14.5,8.0,13.0,7.0],"tintindex":0,"texture":"#4"},"down":{"uv":[14.5,8.0,13.0,9.0],"tintindex":0,"texture":"#4"}}}],"display":{"fixed":{"scale":[4,4,4]}}}