{"textures":{"0":"bettermodel:item/destructor_destroyercloth","1":"bettermodel:item/destructor_destroyerhead","2":"bettermodel:item/destructor_destroyerblade","3":"bettermodel:item/destructor_destroyerhandle","4":"bettermodel:item/destructor_destroyerbody","5":"bettermodel:item/destructor_destroyerarmor","6":"bettermodel:item/destructor_destroyercape","7":"bettermodel:item/destructor_destroyercapetransition","8":"bettermodel:item/destructor_destroyerpants","particle":"bettermodel:item/destructor_destroyercloth"},"elements":[{"from":[7.9728136,8.04389,8.020287],"to":[8.027186,8.274973,8.1245],"faces":{"north":{"uv":[9.0,0.0,10.0,5.0],"tintindex":0,"texture":"#3"},"east":{"uv":[4.0,0.0,6.0,5.0],"tintindex":0,"texture":"#3"},"south":{"uv":[9.0,5.0,10.0,10.0],"tintindex":0,"texture":"#3"},"west":{"uv":[0.0,5.0,2.0,10.0],"tintindex":0,"texture":"#3"},"up":{"uv":[2.0,12.0,1.0,10.0],"tintindex":0,"texture":"#3"},"down":{"uv":[11.0,2.0,10.0,4.0],"tintindex":0,"texture":"#3"}}}],"display":{"fixed":{"scale":[4,4,4],"rotation":[-42.500004,0.0,0.0]}}}