{"textures":{"0":"bettermodel:item/destructor_destroyercloth","1":"bettermodel:item/destructor_destroyerhead","2":"bettermodel:item/destructor_destroyerblade","3":"bettermodel:item/destructor_destroyerhandle","4":"bettermodel:item/destructor_destroyerbody","5":"bettermodel:item/destructor_destroyerarmor","6":"bettermodel:item/destructor_destroyercape","7":"bettermodel:item/destructor_destroyercapetransition","8":"bettermodel:item/destructor_destroyerpants","particle":"bettermodel:item/destructor_destroyercloth"},"elements":[{"from":[7.9093795,7.728138,7.9275036],"to":[8.054373,8.0,8.072496],"faces":{"north":{"uv":[0.0,0.0,3.0,6.0],"tintindex":0,"texture":"#8"},"east":{"uv":[3.0,0.0,6.0,6.0],"tintindex":0,"texture":"#8"},"south":{"uv":[0.0,6.0,3.0,12.0],"tintindex":0,"texture":"#8"},"west":{"uv":[6.0,0.0,9.0,6.0],"tintindex":0,"texture":"#8"},"up":{"uv":[6.0,9.0,3.0,6.0],"tintindex":0,"texture":"#8"},"down":{"uv":[9.0,6.0,6.0,9.0],"tintindex":0,"texture":"#8"}}}],"display":{"fixed":{"scale":[4,4,4]}}}