{"textures":{"0":"bettermodel:item/destructor_destroyercloth","1":"bettermodel:item/destructor_destroyerhead","2":"bettermodel:item/destructor_destroyerblade","3":"bettermodel:item/destructor_destroyerhandle","4":"bettermodel:item/destructor_destroyerbody","particle":"bettermodel:item/destructor_destroyercloth"},"elements":[{"from":[8.093001,7.850476,7.764009],"to":[8.160967,8.149524,8.072119],"faces":{"north":{"uv":[1.0,5.5,1.5,7.25],"tintindex":0,"texture":"#0"},"east":{"uv":[0.0,2.5,1.75,4.25],"tintindex":0,"texture":"#0"},"south":{"uv":[5.5,2.0,6.0,3.75],"tintindex":0,"texture":"#0"},"west":{"uv":[2.5,0.0,4.25,1.75],"tintindex":0,"texture":"#0"},"up":{"uv":[2.0,7.5,1.5,5.75],"tintindex":0,"texture":"#0"},"down":{"uv":[2.5,5.75,2.0,7.5],"tintindex":0,"texture":"#0"}}}],"display":{"fixed":{"scale":[4,4,4],"rotation":[-0.0,0.0,90.0]}}}