{"textures":{"0":"bettermodel:item/destructor_destroyercloth","1":"bettermodel:item/destructor_destroyerhead","2":"bettermodel:item/destructor_destroyerblade","3":"bettermodel:item/destructor_destroyerhandle","4":"bettermodel:item/destructor_destroyerbody","5":"bettermodel:item/destructor_destroyerarmor","6":"bettermodel:item/destructor_destroyercape","7":"bettermodel:item/destructor_destroyercapetransition","8":"bettermodel:item/destructor_destroyerpants","particle":"bettermodel:item/destructor_destroyercloth"},"elements":[{"from":[7.9901824,7.770394,7.867889],"to":[8.0083065,7.8338284,7.895075],"faces":{"north":{"uv":[1.0,2.0,2.0,3.0],"tintindex":0,"texture":"#7"},"east":{"uv":[2.0,2.0,3.0,3.0],"tintindex":0,"texture":"#7"},"south":{"uv":[3.0,0.0,4.0,1.0],"tintindex":0,"texture":"#7"},"west":{"uv":[1.0,3.0,2.0,4.0],"tintindex":0,"texture":"#7"},"up":{"uv":[4.0,2.0,3.0,1.0],"tintindex":0,"texture":"#7"},"down":{"uv":[3.0,3.0,2.0,4.0],"tintindex":0,"texture":"#7"}}}],"display":{"fixed":{"scale":[4,4,4],"rotation":[90.00001,-59.999985,90.00001]}}}