{"textures":{"0":"bettermodel:item/destructor_destroyercloth","1":"bettermodel:item/destructor_destroyerhead","2":"bettermodel:item/destructor_destroyerblade","3":"bettermodel:item/destructor_destroyerhandle","4":"bettermodel:item/destructor_destroyerbody","particle":"bettermodel:item/destructor_destroyercloth"},"elements":[{"from":[7.9456277,7.728138,7.9275036],"to":[8.090621,8.0,8.072496],"faces":{"north":{"uv":[4.0,8.5,5.5,11.5],"tintindex":0,"texture":"#4"},"east":{"uv":[5.5,8.5,7.0,11.5],"tintindex":0,"texture":"#4"},"south":{"uv":[0.0,9.0,1.5,12.0],"tintindex":0,"texture":"#4"},"west":{"uv":[1.5,9.0,3.0,12.0],"tintindex":0,"texture":"#4"},"up":{"uv":[13.0,13.0,11.5,11.5],"tintindex":0,"texture":"#4"},"down":{"uv":[1.5,12.0,0.0,13.5],"tintindex":0,"texture":"#4"}}}],"display":{"fixed":{"scale":[4,4,4]}}}