{"textures":{"0":"bettermodel:item/destructor_destroyercloth","1":"bettermodel:item/destructor_destroyerhead","2":"bettermodel:item/destructor_destroyerblade","3":"bettermodel:item/destructor_destroyerhandle","4":"bettermodel:item/destructor_destroyerbody","particle":"bettermodel:item/destructor_destroyercloth"},"elements":[{"from":[7.9728136,8.053098,7.8829937],"to":[8.027186,8.284181,7.9781456],"faces":{"north":{"uv":[8.0,0.0,9.0,5.0],"tintindex":0,"texture":"#3"},"east":{"uv":[0.0,0.0,2.0,5.0],"tintindex":0,"texture":"#3"},"south":{"uv":[8.0,5.0,9.0,10.0],"tintindex":0,"texture":"#3"},"west":{"uv":[2.0,0.0,4.0,5.0],"tintindex":0,"texture":"#3"},"up":{"uv":[1.0,12.0,0.0,10.0],"tintindex":0,"texture":"#3"},"down":{"uv":[11.0,0.0,10.0,2.0],"tintindex":0,"texture":"#3"}}}],"display":{"fixed":{"scale":[4,4,4],"rotation":[42.500004,0.0,-0.0]}}}