{"textures":{"0":"bettermodel:item/destructor_destroyercloth","1":"bettermodel:item/destructor_destroyerhead","2":"bettermodel:item/destructor_destroyerblade","3":"bettermodel:item/destructor_destroyerhandle","4":"bettermodel:item/destructor_destroyerbody","particle":"bettermodel:item/destructor_destroyercloth"},"elements":[{"from":[7.9901824,7.7712827,7.8621435],"to":[8.0083065,7.8573723,7.893861],"faces":{"north":{"uv":[6.5,0.75,6.75,1.25],"tintindex":0,"texture":"#0"},"east":{"uv":[6.5,2.0,6.75,2.5],"tintindex":0,"texture":"#0"},"south":{"uv":[6.5,2.5,6.75,3.0],"tintindex":0,"texture":"#0"},"west":{"uv":[6.5,3.0,6.75,3.5],"tintindex":0,"texture":"#0"},"up":{"uv":[6.75,4.75,6.5,4.5],"tintindex":0,"texture":"#0"},"down":{"uv":[6.75,4.75,6.5,5.0],"tintindex":0,"texture":"#0"}}}],"display":{"fixed":{"scale":[4,4,4],"rotation":[90.00001,-59.999985,90.00001]}}}