{"textures":{"0":"bettermodel:item/destructor_destroyercloth","1":"bettermodel:item/destructor_destroyerhead","2":"bettermodel:item/destructor_destroyerblade","3":"bettermodel:item/destructor_destroyerhandle","4":"bettermodel:item/destructor_destroyerbody","particle":"bettermodel:item/destructor_destroyercloth"},"elements":[{"from":[7.8731313,8.0226555,7.8686],"to":[8.126869,8.249207,8.1314],"faces":{"north":{"uv":[3.0,0.0,6.0,2.5],"tintindex":0,"texture":"#1"},"east":{"uv":[3.0,2.5,6.0,5.0],"tintindex":0,"texture":"#1"},"south":{"uv":[3.0,5.0,6.0,7.5],"tintindex":0,"texture":"#1"},"west":{"uv":[0.0,6.0,3.0,8.5],"tintindex":0,"texture":"#1"},"up":{"uv":[3.0,3.0,0.0,0.0],"tintindex":0,"texture":"#1"},"down":{"uv":[3.0,3.0,0.0,6.0],"tintindex":0,"texture":"#1"}}}],"display":{"fixed":{"scale":[4,4,4]}}}