{"textures":{"0":"bettermodel:item/destructor_destroyercloth","1":"bettermodel:item/destructor_destroyerhead","2":"bettermodel:item/destructor_destroyerblade","3":"bettermodel:item/destructor_destroyerhandle","4":"bettermodel:item/destructor_destroyerbody","particle":"bettermodel:item/destructor_destroyercloth"},"elements":[{"from":[8.072119,7.8095803,7.8811336],"to":[8.090243,7.89567,7.9037886],"faces":{"north":{"uv":[3.5,1.75,3.75,2.25],"tintindex":0,"texture":"#0"},"east":{"uv":[4.25,1.25,4.5,1.75],"tintindex":0,"texture":"#0"},"south":{"uv":[4.5,1.25,4.75,1.75],"tintindex":0,"texture":"#0"},"west":{"uv":[4.75,1.25,5.0,1.75],"tintindex":0,"texture":"#0"},"up":{"uv":[3.75,2.5,3.5,2.25],"tintindex":0,"texture":"#0"},"down":{"uv":[1.75,5.5,1.5,5.75],"tintindex":0,"texture":"#0"}}}],"display":{"fixed":{"scale":[4,4,4],"rotation":[90.00001,-59.999985,90.00001]}}}