{"textures":{"0":"bettermodel:item/king_kinghair","1":"bettermodel:item/king_kingbody","2":"bettermodel:item/king_kingleg","3":"bettermodel:item/king_kingskin","4":"bettermodel:item/king_kingface","5":"bettermodel:item/king_kingcrown","particle":"bettermodel:item/king_kinghair"},"elements":[{"from":[8.731206,9.082161,7.961829],"to":[8.821827,9.354023,8.05245],"faces":{"north":{"uv":[0.0,0.0,2.0,6.0],"tintindex":0,"texture":"#0"},"east":{"uv":[0.0,0.0,2.0,6.0],"tintindex":0,"texture":"#0"},"south":{"uv":[0.0,0.0,2.0,6.0],"tintindex":0,"texture":"#0"},"west":{"uv":[0.0,0.0,2.0,6.0],"tintindex":0,"texture":"#0"},"up":{"uv":[0.0,0.0,2.0,2.0],"tintindex":0,"texture":"#0"},"down":{"uv":[0.0,0.0,2.0,2.0],"tintindex":0,"texture":"#0"}}}],"display":{"fixed":{"scale":[4,4,4],"rotation":[-1.6005558,27.450409,20.03374]}}}