{"textures":{"0":"bettermodel:item/king_kinghair","1":"bettermodel:item/king_kingbody","2":"bettermodel:item/king_kingleg","3":"bettermodel:item/king_kingskin","4":"bettermodel:item/king_kingface","5":"bettermodel:item/king_kingcrown","particle":"bettermodel:item/king_kinghair"},"elements":[{"from":[7.9211226,8.678507,7.0243807],"to":[8.011744,8.905058,7.115001],"faces":{"north":{"uv":[2.0,0.0,4.0,5.0],"tintindex":0,"texture":"#0"},"east":{"uv":[2.0,0.0,4.0,5.0],"tintindex":0,"texture":"#0"},"south":{"uv":[2.0,0.0,4.0,5.0],"tintindex":0,"texture":"#0"},"west":{"uv":[2.0,0.0,4.0,5.0],"tintindex":0,"texture":"#0"},"up":{"uv":[2.0,0.0,4.0,2.0],"tintindex":0,"texture":"#0"},"down":{"uv":[2.0,0.0,4.0,2.0],"tintindex":0,"texture":"#0"}}}],"display":{"fixed":{"rotation":[36.61418,-6.107842,15.482522]}}}