{"textures":{"0":"bettermodel:item/king_kinghair","1":"bettermodel:item/king_kingbody","2":"bettermodel:item/king_kingleg","3":"bettermodel:item/king_kingskin","4":"bettermodel:item/king_kingface","5":"bettermodel:item/king_kingcrown","particle":"bettermodel:item/king_kinghair"},"elements":[{"from":[7.7734485,8.815586,7.7734485],"to":[8.226552,9.540551,8.226552],"faces":{"north":{"uv":[0.0,0.0,5.0,8.0],"tintindex":0,"texture":"#4"},"east":{"uv":[5.0,0.0,10.0,8.0],"tintindex":0,"texture":"#4"},"south":{"uv":[0.0,8.0,5.0,16.0],"tintindex":0,"texture":"#4"},"west":{"uv":[5.0,8.0,10.0,16.0],"tintindex":0,"texture":"#4"},"up":{"uv":[15.0,5.0,10.0,0.0],"tintindex":0,"texture":"#4"},"down":{"uv":[15.0,5.0,10.0,10.0],"tintindex":0,"texture":"#4"}}}]}