{"textures":{"0":"bettermodel:item/king_kinghair","1":"bettermodel:item/king_kingbody","2":"bettermodel:item/king_kingleg","3":"bettermodel:item/king_kingskin","4":"bettermodel:item/king_kingface","5":"bettermodel:item/king_kingcrown","particle":"bettermodel:item/king_kinghair"},"elements":[{"from":[7.170481,9.057886,7.8794007],"to":[7.2611017,9.329748,7.9700217],"faces":{"north":{"uv":[2.0,0.0,4.0,6.0],"tintindex":0,"texture":"#0"},"east":{"uv":[2.0,0.0,4.0,6.0],"tintindex":0,"texture":"#0"},"south":{"uv":[2.0,0.0,4.0,6.0],"tintindex":0,"texture":"#0"},"west":{"uv":[2.0,0.0,4.0,6.0],"tintindex":0,"texture":"#0"},"up":{"uv":[2.0,0.0,4.0,2.0],"tintindex":0,"texture":"#0"},"down":{"uv":[2.0,0.0,4.0,2.0],"tintindex":0,"texture":"#0"}}}],"display":{"fixed":{"rotation":[3.0074792,24.416328,-23.415894]}}}