{"textures":{"0":"bettermodel:item/king_kinghair","1":"bettermodel:item/king_kingbody","2":"bettermodel:item/king_kingleg","3":"bettermodel:item/king_kingskin","4":"bettermodel:item/king_kingface","5":"bettermodel:item/king_kingcrown","particle":"bettermodel:item/king_kinghair"},"elements":[{"from":[7.245139,9.094602,7.8500137],"to":[7.3357596,9.321154,7.9406343],"faces":{"north":{"uv":[2.0,0.0,4.0,5.0],"tintindex":0,"texture":"#0"},"east":{"uv":[2.0,0.0,4.0,5.0],"tintindex":0,"texture":"#0"},"south":{"uv":[2.0,0.0,4.0,5.0],"tintindex":0,"texture":"#0"},"west":{"uv":[2.0,0.0,4.0,5.0],"tintindex":0,"texture":"#0"},"up":{"uv":[2.0,0.0,4.0,2.0],"tintindex":0,"texture":"#0"},"down":{"uv":[2.0,0.0,4.0,2.0],"tintindex":0,"texture":"#0"}}}],"display":{"fixed":{"rotation":[0.327825,-1.4847485,-21.204252]}}}