{"textures":{"0":"bettermodel:item/king_kinghair","1":"bettermodel:item/king_kingbody","2":"bettermodel:item/king_kingleg","3":"bettermodel:item/king_kingskin","4":"bettermodel:item/king_kingface","5":"bettermodel:item/king_kingcrown","particle":"bettermodel:item/king_kinghair"},"elements":[{"from":[8.49693,8.829615,7.3938055],"to":[8.58755,9.056166,7.484426],"faces":{"north":{"uv":[0.0,0.0,2.0,5.0],"tintindex":0,"texture":"#0"},"east":{"uv":[2.0,0.0,4.0,5.0],"tintindex":0,"texture":"#0"},"south":{"uv":[4.0,0.0,6.0,5.0],"tintindex":0,"texture":"#0"},"west":{"uv":[0.0,5.0,2.0,10.0],"tintindex":0,"texture":"#0"},"up":{"uv":[4.0,7.0,2.0,5.0],"tintindex":0,"texture":"#0"},"down":{"uv":[6.0,5.0,4.0,7.0],"tintindex":0,"texture":"#0"}}}],"display":{"fixed":{"rotation":[16.503714,5.9031634,19.143147]}}}