{"textures":{"0":"bettermodel:item/mapacho_ears","1":"bettermodel:item/mapacho_mainhead","2":"bettermodel:item/mapacho_nose","3":"bettermodel:item/mapacho_legs","4":"bettermodel:item/mapacho_body","5":"bettermodel:item/mapacho_tail","particle":"bettermodel:item/mapacho_ears"},"elements":[{"from":[7.9637365,7.921376,7.9076905],"to":[8.040764,8.102617,7.9847183],"faces":{"north":{"uv":[2.5,5.0,3.5,7.0],"tintindex":0,"texture":"#1"},"east":{"uv":[5.0,2.5,6.0,4.5],"tintindex":0,"texture":"#1"},"south":{"uv":[4.0,5.0,5.0,7.0],"tintindex":0,"texture":"#1"},"west":{"uv":[5.5,5.0,6.5,7.0],"tintindex":0,"texture":"#1"},"up":{"uv":[9.0,3.5,8.0,2.5],"tintindex":0,"texture":"#1"},"down":{"uv":[9.5,4.0,8.5,5.0],"tintindex":0,"texture":"#1"}}}],"display":{"fixed":{"rotation":[-6.029408E-6,55.500004,90.0]}}}