{"textures":{"0":"bettermodel:item/mapacho_ears","1":"bettermodel:item/mapacho_mainhead","2":"bettermodel:item/mapacho_nose","3":"bettermodel:item/mapacho_legs","4":"bettermodel:item/mapacho_body","5":"bettermodel:item/mapacho_tail","particle":"bettermodel:item/mapacho_ears"},"elements":[{"from":[7.9679995,7.9142985,7.9263415],"to":[8.031434,8.059292,7.958059],"faces":{"north":{"uv":[1.5,9.0,2.0,10.5],"tintindex":0,"texture":"#1"},"east":{"uv":[2.5,9.0,3.0,10.5],"tintindex":0,"texture":"#1"},"south":{"uv":[3.5,9.0,4.0,10.5],"tintindex":0,"texture":"#1"},"west":{"uv":[4.5,9.0,5.0,10.5],"tintindex":0,"texture":"#1"},"up":{"uv":[3.5,11.5,3.0,11.0],"tintindex":0,"texture":"#1"},"down":{"uv":[4.5,11.0,4.0,11.5],"tintindex":0,"texture":"#1"}}}],"display":{"fixed":{"rotation":[67.5,0.0,-0.0]}}}