{"textures":{"0":"bettermodel:item/mapacho_ears","1":"bettermodel:item/mapacho_mainhead","2":"bettermodel:item/mapacho_nose","3":"bettermodel:item/mapacho_legs","4":"bettermodel:item/mapacho_body","5":"bettermodel:item/mapacho_tail","particle":"bettermodel:item/mapacho_ears"},"elements":[{"from":[7.9546895,7.9932036,7.9739466],"to":[8.04531,8.052107,8.046443],"faces":{"north":{"uv":[8.5,1.0,9.5,1.5],"tintindex":0,"texture":"#3"},"east":{"uv":[3.0,8.5,4.0,9.0],"tintindex":0,"texture":"#3"},"south":{"uv":[8.5,3.0,9.5,3.5],"tintindex":0,"texture":"#3"},"west":{"uv":[8.5,4.0,9.5,4.5],"tintindex":0,"texture":"#3"},"up":{"uv":[4.0,4.0,3.0,3.0],"tintindex":0,"texture":"#3"},"down":{"uv":[1.0,4.5,0.0,5.5],"tintindex":0,"texture":"#3"}}},{"from":[7.9546895,7.9614863,7.9512916],"to":[8.04531,7.9932036,8.028319],"faces":{"north":{"uv":[4.5,8.5,5.5,9.0],"tintindex":0,"texture":"#3"},"east":{"uv":[0.0,9.0,1.0,9.5],"tintindex":0,"texture":"#3"},"south":{"uv":[9.0,0.0,10.0,0.5],"tintindex":0,"texture":"#3"},"west":{"uv":[1.5,9.0,2.5,9.5],"tintindex":0,"texture":"#3"},"up":{"uv":[5.5,1.0,4.5,0.0],"tintindex":0,"texture":"#3"},"down":{"uv":[2.5,4.5,1.5,5.5],"tintindex":0,"texture":"#3"}}}]}