{"textures":{"0":"bettermodel:item/mapacho_ears","1":"bettermodel:item/mapacho_mainhead","2":"bettermodel:item/mapacho_nose","3":"bettermodel:item/mapacho_legs","4":"bettermodel:item/mapacho_body","5":"bettermodel:item/mapacho_tail","particle":"bettermodel:item/mapacho_ears"},"elements":[{"from":[7.953232,7.9507914,7.986155],"to":[8.025728,8.009695,8.031466],"faces":{"north":{"uv":[1.0,6.0,3.0,7.0],"tintindex":0,"texture":"#0"},"east":{"uv":[6.0,12.0,7.0,13.0],"tintindex":0,"texture":"#0"},"south":{"uv":[6.0,2.0,8.0,3.0],"tintindex":0,"texture":"#0"},"west":{"uv":[12.0,7.0,13.0,8.0],"tintindex":0,"texture":"#0"},"up":{"uv":[5.0,7.0,3.0,6.0],"tintindex":0,"texture":"#0"},"down":{"uv":[8.0,3.0,6.0,4.0],"tintindex":0,"texture":"#0"}}},{"from":[7.998542,7.9507914,7.9635],"to":[8.025728,7.9779773,8.031466],"faces":{"north":{"uv":[8.0,12.0,9.0,13.0],"tintindex":0,"texture":"#0"},"east":{"uv":[6.0,4.0,8.0,5.0],"tintindex":0,"texture":"#0"},"south":{"uv":[12.0,8.0,13.0,9.0],"tintindex":0,"texture":"#0"},"west":{"uv":[5.0,6.0,7.0,7.0],"tintindex":0,"texture":"#0"},"up":{"uv":[8.0,2.0,7.0,0.0],"tintindex":0,"texture":"#0"},"down":{"uv":[2.0,7.0,1.0,9.0],"tintindex":0,"texture":"#0"}}},{"from":[7.9668245,8.027819,7.9635],"to":[8.030259,8.055005,8.031466],"faces":{"north":{"uv":[11.0,10.0,12.0,11.0],"tintindex":0,"texture":"#0"},"east":{"uv":[4.0,4.0,6.0,5.0],"tintindex":0,"texture":"#0"},"south":{"uv":[5.0,12.0,6.0,13.0],"tintindex":0,"texture":"#0"},"west":{"uv":[4.0,5.0,6.0,6.0],"tintindex":0,"texture":"#0"},"up":{"uv":[1.0,8.0,0.0,6.0],"tintindex":0,"texture":"#0"},"down":{"uv":[7.0,0.0,6.0,2.0],"tintindex":0,"texture":"#0"}}},{"from":[7.971356,8.009695,7.986155],"to":[8.03479,8.0368805,8.031466],"faces":{"north":{"uv":[12.0,11.0,13.0,12.0],"tintindex":0,"texture":"#0"},"east":{"uv":[12.0,12.0,13.0,13.0],"tintindex":0,"texture":"#0"},"south":{"uv":[13.0,0.0,14.0,1.0],"tintindex":0,"texture":"#0"},"west":{"uv":[13.0,1.0,14.0,2.0],"tintindex":0,"texture":"#0"},"up":{"uv":[14.0,3.0,13.0,2.0],"tintindex":0,"texture":"#0"},"down":{"uv":[4.0,13.0,3.0,14.0],"tintindex":0,"texture":"#0"}}},{"from":[7.935107,7.941729,7.9635],"to":[7.953232,7.9915705,8.031466],"faces":{"north":{"uv":[13.0,3.0,14.0,4.0],"tintindex":0,"texture":"#0"},"east":{"uv":[6.0,8.0,8.0,9.0],"tintindex":0,"texture":"#0"},"south":{"uv":[4.0,13.0,5.0,14.0],"tintindex":0,"texture":"#0"},"west":{"uv":[8.0,7.0,10.0,8.0],"tintindex":0,"texture":"#0"},"up":{"uv":[9.0,10.0,8.0,8.0],"tintindex":0,"texture":"#0"},"down":{"uv":[10.0,0.0,9.0,2.0],"tintindex":0,"texture":"#0"}}},{"from":[8.021197,7.964384,7.9635],"to":[8.043852,8.0368805,8.031466],"faces":{"north":{"uv":[1.0,9.0,2.0,11.0],"tintindex":0,"texture":"#0"},"east":{"uv":[2.0,0.0,4.0,2.0],"tintindex":0,"texture":"#0"},"south":{"uv":[9.0,2.0,10.0,4.0],"tintindex":0,"texture":"#0"},"west":{"uv":[2.0,2.0,4.0,4.0],"tintindex":0,"texture":"#0"},"up":{"uv":[5.0,11.0,4.0,9.0],"tintindex":0,"texture":"#0"},"down":{"uv":[10.0,4.0,9.0,6.0],"tintindex":0,"texture":"#0"}}}]}