{"textures":{"0":"bettermodel:item/mapacho_ears","1":"bettermodel:item/mapacho_mainhead","2":"bettermodel:item/mapacho_nose","3":"bettermodel:item/mapacho_legs","4":"bettermodel:item/mapacho_body","5":"bettermodel:item/mapacho_tail","particle":"bettermodel:item/mapacho_ears"},"elements":[{"from":[7.9546895,7.9546895,7.9728136],"to":[8.04531,8.04531,8.027186],"faces":{"north":{"uv":[1.5,0.0,2.5,1.0],"tintindex":0,"texture":"#3"},"east":{"uv":[3.0,6.0,3.5,7.0],"tintindex":0,"texture":"#3"},"south":{"uv":[1.5,1.5,2.5,2.5],"tintindex":0,"texture":"#3"},"west":{"uv":[5.5,6.0,6.0,7.0],"tintindex":0,"texture":"#3"},"up":{"uv":[5.0,7.0,4.0,6.5],"tintindex":0,"texture":"#3"},"down":{"uv":[7.5,6.0,6.5,6.5],"tintindex":0,"texture":"#3"}}},{"from":[7.9546895,8.013593,8.027186],"to":[8.04531,8.04531,8.049841],"faces":{"north":{"uv":[0.0,7.0,1.0,7.5],"tintindex":0,"texture":"#3"},"east":{"uv":[8.0,9.0,8.5,9.5],"tintindex":0,"texture":"#3"},"south":{"uv":[7.0,1.0,8.0,1.5],"tintindex":0,"texture":"#3"},"west":{"uv":[9.0,8.5,9.5,9.0],"tintindex":0,"texture":"#3"},"up":{"uv":[2.5,7.5,1.5,7.0],"tintindex":0,"texture":"#3"},"down":{"uv":[8.0,3.5,7.0,4.0],"tintindex":0,"texture":"#3"}}},{"from":[7.9546895,7.9546895,7.9501586],"to":[8.04531,7.986407,7.9728136],"faces":{"north":{"uv":[7.0,4.5,8.0,5.0],"tintindex":0,"texture":"#3"},"east":{"uv":[3.0,9.5,3.5,10.0],"tintindex":0,"texture":"#3"},"south":{"uv":[6.5,7.0,7.5,7.5],"tintindex":0,"texture":"#3"},"west":{"uv":[4.0,9.5,4.5,10.0],"tintindex":0,"texture":"#3"},"up":{"uv":[8.5,0.5,7.5,0.0],"tintindex":0,"texture":"#3"},"down":{"uv":[8.5,2.0,7.5,2.5],"tintindex":0,"texture":"#3"}}}]}