{"textures":{"0":"bettermodel:item/mapacho_ears","1":"bettermodel:item/mapacho_mainhead","2":"bettermodel:item/mapacho_nose","3":"bettermodel:item/mapacho_legs","4":"bettermodel:item/mapacho_body","5":"bettermodel:item/mapacho_tail","particle":"bettermodel:item/mapacho_ears"},"elements":[{"from":[7.9456277,7.9456277,7.916176],"to":[8.054373,8.054373,8.083824],"faces":{"north":{"uv":[10.0,10.0,12.0,12.0],"tintindex":0,"texture":"#5"},"east":{"uv":[9.0,4.0,13.0,6.0],"tintindex":0,"texture":"#5"},"south":{"uv":[0.0,12.0,2.0,14.0],"tintindex":0,"texture":"#5"},"west":{"uv":[9.0,7.0,13.0,9.0],"tintindex":0,"texture":"#5"},"up":{"uv":[6.0,14.0,4.0,10.0],"tintindex":0,"texture":"#5"},"down":{"uv":[9.0,10.0,7.0,14.0],"tintindex":0,"texture":"#5"}}}],"display":{"fixed":{"scale":[4,4,4]}}}