{"textures":{"0":"bettermodel:item/mapacho_ears","1":"bettermodel:item/mapacho_mainhead","2":"bettermodel:item/mapacho_nose","3":"bettermodel:item/mapacho_legs","4":"bettermodel:item/mapacho_body","5":"bettermodel:item/mapacho_tail","particle":"bettermodel:item/mapacho_ears"},"elements":[{"from":[7.9427595,8.002315,7.9635],"to":[7.9654145,8.02497,8.031466],"faces":{"north":{"uv":[13.0,6.0,14.0,7.0],"tintindex":0,"texture":"#0"},"east":{"uv":[2.0,10.0,4.0,11.0],"tintindex":0,"texture":"#0"},"south":{"uv":[7.0,13.0,8.0,14.0],"tintindex":0,"texture":"#0"},"west":{"uv":[10.0,2.0,12.0,3.0],"tintindex":0,"texture":"#0"},"up":{"uv":[11.0,5.0,10.0,3.0],"tintindex":0,"texture":"#0"},"down":{"uv":[6.0,10.0,5.0,12.0],"tintindex":0,"texture":"#0"}}},{"from":[7.9868927,7.9447994,7.9635],"to":[8.009547,7.9674544,8.031466],"faces":{"north":{"uv":[13.0,7.0,14.0,8.0],"tintindex":0,"texture":"#0"},"east":{"uv":[10.0,5.0,12.0,6.0],"tintindex":0,"texture":"#0"},"south":{"uv":[8.0,13.0,9.0,14.0],"tintindex":0,"texture":"#0"},"west":{"uv":[10.0,7.0,12.0,8.0],"tintindex":0,"texture":"#0"},"up":{"uv":[7.0,12.0,6.0,10.0],"tintindex":0,"texture":"#0"},"down":{"uv":[9.0,10.0,8.0,12.0],"tintindex":0,"texture":"#0"}}}],"display":{"fixed":{"scale":[4,4,4],"rotation":[0.0,0.0,-37.499996]}}}