{"textures":{"0":"bettermodel:item/mapacho_ears","1":"bettermodel:item/mapacho_mainhead","2":"bettermodel:item/mapacho_nose","3":"bettermodel:item/mapacho_legs","4":"bettermodel:item/mapacho_body","5":"bettermodel:item/mapacho_tail","particle":"bettermodel:item/mapacho_ears"},"elements":[{"from":[7.9679995,7.899723,8.030534],"to":[8.031434,8.031123,8.062251],"faces":{"north":{"uv":[5.5,9.0,6.0,10.5],"tintindex":0,"texture":"#1"},"east":{"uv":[6.5,9.0,7.0,10.5],"tintindex":0,"texture":"#1"},"south":{"uv":[7.5,9.0,8.0,10.5],"tintindex":0,"texture":"#1"},"west":{"uv":[8.5,9.0,9.0,10.5],"tintindex":0,"texture":"#1"},"up":{"uv":[5.5,11.5,5.0,11.0],"tintindex":0,"texture":"#1"},"down":{"uv":[11.5,5.5,11.0,6.0],"tintindex":0,"texture":"#1"}}}],"display":{"fixed":{"scale":[4,4,4],"rotation":[106.50001,0.0,-0.0]}}}