{"textures":{"0":"bettermodel:item/mapacho_ears","1":"bettermodel:item/mapacho_mainhead","2":"bettermodel:item/mapacho_nose","3":"bettermodel:item/mapacho_legs","4":"bettermodel:item/mapacho_body","5":"bettermodel:item/mapacho_tail","particle":"bettermodel:item/mapacho_ears"},"elements":[{"from":[8.034585,8.002315,7.9635],"to":[8.0572405,8.02497,8.031466],"faces":{"north":{"uv":[12.0,9.0,13.0,10.0],"tintindex":0,"texture":"#0"},"east":{"uv":[6.0,5.0,8.0,6.0],"tintindex":0,"texture":"#0"},"south":{"uv":[10.0,12.0,11.0,13.0],"tintindex":0,"texture":"#0"},"west":{"uv":[2.0,7.0,4.0,8.0],"tintindex":0,"texture":"#0"},"up":{"uv":[5.0,9.0,4.0,7.0],"tintindex":0,"texture":"#0"},"down":{"uv":[6.0,7.0,5.0,9.0],"tintindex":0,"texture":"#0"}}},{"from":[7.9904523,7.9447994,7.9635],"to":[8.013107,7.9674544,8.031466],"faces":{"north":{"uv":[12.0,10.0,13.0,11.0],"tintindex":0,"texture":"#0"},"east":{"uv":[6.0,7.0,8.0,8.0],"tintindex":0,"texture":"#0"},"south":{"uv":[11.0,12.0,12.0,13.0],"tintindex":0,"texture":"#0"},"west":{"uv":[7.0,6.0,9.0,7.0],"tintindex":0,"texture":"#0"},"up":{"uv":[1.0,10.0,0.0,8.0],"tintindex":0,"texture":"#0"},"down":{"uv":[9.0,0.0,8.0,2.0],"tintindex":0,"texture":"#0"}}}],"display":{"fixed":{"rotation":[-0.0,0.0,37.499996]}}}