{"textures":{"0":"bettermodel:item/mapacho_ears","1":"bettermodel:item/mapacho_mainhead","2":"bettermodel:item/mapacho_nose","3":"bettermodel:item/mapacho_legs","4":"bettermodel:item/mapacho_body","5":"bettermodel:item/mapacho_tail","particle":"bettermodel:item/mapacho_ears"},"elements":[{"from":[7.945865,7.965234,7.9635],"to":[7.9730515,8.033199,8.031466],"faces":{"north":{"uv":[2.0,8.0,3.0,10.0],"tintindex":0,"texture":"#0"},"east":{"uv":[0.0,0.0,2.0,2.0],"tintindex":0,"texture":"#0"},"south":{"uv":[8.0,2.0,9.0,4.0],"tintindex":0,"texture":"#0"},"west":{"uv":[0.0,2.0,2.0,4.0],"tintindex":0,"texture":"#0"},"up":{"uv":[4.0,10.0,3.0,8.0],"tintindex":0,"texture":"#0"},"down":{"uv":[9.0,4.0,8.0,6.0],"tintindex":0,"texture":"#0"}}}],"display":{"fixed":{"rotation":[0.0,0.0,-28.000004]}}}