{"textures":{"0":"bettermodel:item/mapacho_ears","1":"bettermodel:item/mapacho_mainhead","2":"bettermodel:item/mapacho_nose","3":"bettermodel:item/mapacho_legs","4":"bettermodel:item/mapacho_body","5":"bettermodel:item/mapacho_tail","particle":"bettermodel:item/mapacho_ears"},"elements":[{"from":[7.810452,8.072308,7.8976746],"to":[8.191059,8.140273,8.214847],"faces":{"north":{"uv":[3.5,7.0,5.5,7.5],"tintindex":0,"texture":"#4"},"east":{"uv":[7.5,0.0,9.25,0.5],"tintindex":0,"texture":"#4"},"south":{"uv":[7.0,5.0,9.0,5.5],"tintindex":0,"texture":"#4"},"west":{"uv":[7.5,2.5,9.25,3.0],"tintindex":0,"texture":"#4"},"up":{"uv":[2.0,4.75,0.0,3.0],"tintindex":0,"texture":"#4"},"down":{"uv":[4.25,3.0,2.25,4.75],"tintindex":0,"texture":"#4"}}},{"from":[7.814983,7.891066,8.124226],"to":[8.186527,7.9363766,8.27375],"faces":{"north":{"uv":[7.5,3.25,9.5,3.5],"tintindex":0,"texture":"#4"},"east":{"uv":[7.5,9.25,8.25,9.5],"tintindex":0,"texture":"#4"},"south":{"uv":[7.5,3.75,9.5,4.0],"tintindex":0,"texture":"#4"},"west":{"uv":[9.5,0.0,10.25,0.25],"tintindex":0,"texture":"#4"},"up":{"uv":[7.0,1.75,5.0,1.0],"tintindex":0,"texture":"#4"},"down":{"uv":[7.0,2.0,5.0,2.75],"tintindex":0,"texture":"#4"}}},{"from":[7.819514,7.9137216,8.078916],"to":[8.181996,7.9363766,8.124226],"faces":{"north":{"uv":[7.5,4.25,9.5,4.5],"tintindex":0,"texture":"#4"},"east":{"uv":[2.25,9.75,2.5,10.0],"tintindex":0,"texture":"#4"},"south":{"uv":[2.25,7.75,4.25,8.0],"tintindex":0,"texture":"#4"},"west":{"uv":[2.75,9.75,3.0,10.0],"tintindex":0,"texture":"#4"},"up":{"uv":[6.5,8.0,4.5,7.75],"tintindex":0,"texture":"#4"},"down":{"uv":[8.75,7.75,6.75,8.0],"tintindex":0,"texture":"#4"}}},{"from":[7.819514,7.9137216,7.9429846],"to":[8.181996,7.9363766,7.988295],"faces":{"north":{"uv":[0.0,8.0,2.0,8.25],"tintindex":0,"texture":"#4"},"east":{"uv":[9.75,3.0,10.0,3.25],"tintindex":0,"texture":"#4"},"south":{"uv":[8.0,5.75,10.0,6.0],"tintindex":0,"texture":"#4"},"west":{"uv":[3.25,9.75,3.5,10.0],"tintindex":0,"texture":"#4"},"up":{"uv":[10.0,6.5,8.0,6.25],"tintindex":0,"texture":"#4"},"down":{"uv":[10.0,6.75,8.0,7.0],"tintindex":0,"texture":"#4"}}},{"from":[7.819514,7.891066,8.124226],"to":[8.181996,7.9363766,8.27375],"faces":{"north":{"uv":[8.0,7.25,10.0,7.5],"tintindex":0,"texture":"#4"},"east":{"uv":[9.5,0.5,10.25,0.75],"tintindex":0,"texture":"#4"},"south":{"uv":[2.25,8.25,4.25,8.5],"tintindex":0,"texture":"#4"},"west":{"uv":[9.5,1.0,10.25,1.25],"tintindex":0,"texture":"#4"},"up":{"uv":[4.5,5.75,2.5,5.0],"tintindex":0,"texture":"#4"},"down":{"uv":[6.75,5.0,4.75,5.75],"tintindex":0,"texture":"#4"}}},{"from":[7.819514,8.072308,8.214847],"to":[8.181996,8.117618,8.305468],"faces":{"north":{"uv":[4.5,8.25,6.5,8.5],"tintindex":0,"texture":"#4"},"east":{"uv":[9.5,2.5,10.0,2.75],"tintindex":0,"texture":"#4"},"south":{"uv":[6.75,8.25,8.75,8.5],"tintindex":0,"texture":"#4"},"west":{"uv":[8.5,9.5,9.0,9.75],"tintindex":0,"texture":"#4"},"up":{"uv":[7.75,7.5,5.75,7.0],"tintindex":0,"texture":"#4"},"down":{"uv":[2.0,7.25,0.0,7.75],"tintindex":0,"texture":"#4"}}},{"from":[7.819514,8.072308,7.8070536],"to":[8.181996,8.117618,7.8976746],"faces":{"north":{"uv":[0.0,8.5,2.0,8.75],"tintindex":0,"texture":"#4"},"east":{"uv":[9.25,9.5,9.75,9.75],"tintindex":0,"texture":"#4"},"south":{"uv":[2.25,8.75,4.25,9.0],"tintindex":0,"texture":"#4"},"west":{"uv":[0.0,9.75,0.5,10.0],"tintindex":0,"texture":"#4"},"up":{"uv":[9.25,1.5,7.25,1.0],"tintindex":0,"texture":"#4"},"down":{"uv":[9.25,1.75,7.25,2.25],"tintindex":0,"texture":"#4"}}},{"from":[7.8602934,8.117618,7.8070536],"to":[8.123094,8.162929,7.988295],"faces":{"north":{"uv":[9.0,8.5,10.5,8.75],"tintindex":0,"texture":"#4"},"east":{"uv":[2.25,7.25,3.25,7.5],"tintindex":0,"texture":"#4"},"south":{"uv":[9.0,9.0,10.5,9.25],"tintindex":0,"texture":"#4"},"west":{"uv":[1.25,9.25,2.25,9.5],"tintindex":0,"texture":"#4"},"up":{"uv":[1.5,7.0,0.0,6.0],"tintindex":0,"texture":"#4"},"down":{"uv":[3.25,6.0,1.75,7.0],"tintindex":0,"texture":"#4"}}},{"from":[7.814983,7.891066,7.8070536],"to":[8.186527,7.9363766,7.9429846],"faces":{"north":{"uv":[4.5,8.75,6.5,9.0],"tintindex":0,"texture":"#4"},"east":{"uv":[9.5,1.5,10.25,1.75],"tintindex":0,"texture":"#4"},"south":{"uv":[6.75,8.75,8.75,9.0],"tintindex":0,"texture":"#4"},"west":{"uv":[9.5,2.0,10.25,2.25],"tintindex":0,"texture":"#4"},"up":{"uv":[5.5,6.75,3.5,6.0],"tintindex":0,"texture":"#4"},"down":{"uv":[7.75,6.0,5.75,6.75],"tintindex":0,"texture":"#4"}}},{"from":[7.9146657,7.990749,7.70284],"to":[8.086845,8.008873,7.8070536],"faces":{"north":{"uv":[2.5,9.25,3.5,9.5],"tintindex":0,"texture":"#4"},"east":{"uv":[0.75,9.75,1.25,10.0],"tintindex":0,"texture":"#4"},"south":{"uv":[3.75,9.25,4.75,9.5],"tintindex":0,"texture":"#4"},"west":{"uv":[1.5,9.75,2.0,10.0],"tintindex":0,"texture":"#4"},"up":{"uv":[1.0,9.5,0.0,9.0],"tintindex":0,"texture":"#4"},"down":{"uv":[10.0,7.75,9.0,8.25],"tintindex":0,"texture":"#4"}}},{"from":[7.9146657,7.945439,7.757212],"to":[8.086845,7.990749,7.8070536],"faces":{"north":{"uv":[9.25,4.75,10.25,5.0],"tintindex":0,"texture":"#4"},"east":{"uv":[9.75,3.5,10.0,3.75],"tintindex":0,"texture":"#4"},"south":{"uv":[5.0,9.25,6.0,9.5],"tintindex":0,"texture":"#4"},"west":{"uv":[3.75,9.75,4.0,10.0],"tintindex":0,"texture":"#4"},"up":{"uv":[10.25,5.5,9.25,5.25],"tintindex":0,"texture":"#4"},"down":{"uv":[7.25,9.25,6.25,9.5],"tintindex":0,"texture":"#4"}}},{"from":[7.8013897,7.9363766,7.8070536],"to":[8.200121,8.072308,8.305468],"faces":{"north":{"uv":[0.0,5.0,2.25,5.75],"tintindex":0,"texture":"#4"},"east":{"uv":[4.5,3.0,7.25,3.75],"tintindex":0,"texture":"#4"},"south":{"uv":[5.0,0.0,7.25,0.75],"tintindex":0,"texture":"#4"},"west":{"uv":[4.5,4.0,7.25,4.75],"tintindex":0,"texture":"#4"},"up":{"uv":[2.25,2.75,0.0,0.0],"tintindex":0,"texture":"#4"},"down":{"uv":[4.75,0.0,2.5,2.75],"tintindex":0,"texture":"#4"}}}],"display":{"fixed":{"scale":[4,4,4]}}}