{"textures":{"0":"bettermodel:item/mossgolem_gloves","1":"bettermodel:item/mossgolem_texture","2":"bettermodel:item/mossgolem_boots","3":"bettermodel:item/mossgolem_sock","4":"bettermodel:item/mossgolem_rock","5":"bettermodel:item/mossgolem_topgrassplusrock","6":"bettermodel:item/mossgolem_rockface","7":"bettermodel:item/mossgolem_glasses","particle":"bettermodel:item/mossgolem_gloves"},"elements":[{"from":[7.2070694,7.6828275,7.2523794],"to":[8.747621,8.860896,8.702311],"faces":{"north":{"uv":[0.0,0.0,2.0,2.0],"tintindex":0,"texture":"#1"},"east":{"uv":[0.0,0.0,2.0,2.0],"tintindex":0,"texture":"#1"},"south":{"uv":[0.0,0.0,2.0,2.0],"tintindex":0,"texture":"#1"},"west":{"uv":[0.0,0.0,2.0,2.0],"tintindex":0,"texture":"#1"},"up":{"uv":[0.0,0.0,2.0,2.0],"tintindex":0,"texture":"#1"},"down":{"uv":[0.0,0.0,2.0,2.0],"tintindex":0,"texture":"#1"}}},{"from":[6.9352074,5.2360697,6.9805174],"to":[9.110104,7.6828275,9.064793],"faces":{"north":{"uv":[0.0,0.0,3.0,3.375],"tintindex":0,"texture":"#3"},"east":{"uv":[0.0,0.0,2.875,3.375],"tintindex":0,"texture":"#3"},"south":{"uv":[0.0,0.0,3.0,3.375],"tintindex":0,"texture":"#3"},"west":{"uv":[0.0,0.0,2.875,3.375],"tintindex":0,"texture":"#3"},"up":{"uv":[5.95,3.4,8.95,6.275],"tintindex":0,"texture":"#3"},"down":{"uv":[0.0,0.0,1.0,1.0],"tintindex":0,"texture":"#3"}}}]}