{"textures":{"0":"bettermodel:item/mossgolem_gloves","1":"bettermodel:item/mossgolem_texture","2":"bettermodel:item/mossgolem_boots","3":"bettermodel:item/mossgolem_sock","4":"bettermodel:item/mossgolem_rock","5":"bettermodel:item/mossgolem_topgrassplusrock","6":"bettermodel:item/mossgolem_rockface","7":"bettermodel:item/mossgolem_glasses","particle":"bettermodel:item/mossgolem_gloves"},"elements":[{"from":[7.4426055,5.968646,5.8613524],"to":[7.895709,7.463887,6.8219314],"faces":{"north":{"uv":[1.3125,13.5625,1.9375,15.625],"tintindex":0,"texture":"#7"},"east":{"uv":[0.0,13.5625,1.3125,15.625],"tintindex":0,"texture":"#7"},"south":{"uv":[3.25,13.5625,3.875,15.625],"tintindex":0,"texture":"#7"},"west":{"uv":[1.9375,13.5625,3.25,15.625],"tintindex":0,"texture":"#7"},"up":{"uv":[1.9375,13.5625,1.3125,12.25],"tintindex":0,"texture":"#7"},"down":{"uv":[2.5625,12.25,1.9375,13.5625],"tintindex":0,"texture":"#7"}}},{"from":[8.459414,7.620196,6.5410075],"to":[8.821896,8.345161,5.7344837],"faces":{"north":{"uv":[5.375,6.0,5.875,7.0],"tintindex":0,"texture":"#7"},"east":{"uv":[6.4875,6.0,5.375,7.0],"tintindex":0,"texture":"#7"},"south":{"uv":[4.75,6.0,5.25,7.0],"tintindex":0,"texture":"#7"},"west":{"uv":[5.8625,6.0,4.75,7.0],"tintindex":0,"texture":"#7"},"up":{"uv":[5.875,6.0,5.375,7.1125],"tintindex":0,"texture":"#7"},"down":{"uv":[6.375,7.1125,5.875,6.0],"tintindex":0,"texture":"#7"}}}],"display":{"fixed":{"scale":[4,4,4],"rotation":[-0.0,0.0,87.5]}}}