{"textures":{"0":"bettermodel:item/mossgolem_gloves","1":"bettermodel:item/mossgolem_texture","2":"bettermodel:item/mossgolem_boots","3":"bettermodel:item/mossgolem_sock","4":"bettermodel:item/mossgolem_rock","5":"bettermodel:item/mossgolem_topgrassplusrock","6":"bettermodel:item/mossgolem_rockface","7":"bettermodel:item/mossgolem_glasses","particle":"bettermodel:item/mossgolem_gloves"},"elements":[{"from":[7.0937934,8.344358,7.1119175],"to":[8.906206,9.53149,8.933393],"faces":{"north":{"uv":[0.0,0.0,2.0,2.0],"tintindex":0,"texture":"#1"},"east":{"uv":[0.0,0.0,2.0,2.0],"tintindex":0,"texture":"#1"},"south":{"uv":[0.0,0.0,2.0,2.0],"tintindex":0,"texture":"#1"},"west":{"uv":[0.0,0.0,2.0,2.0],"tintindex":0,"texture":"#1"},"up":{"uv":[0.0,0.0,2.0,2.0],"tintindex":0,"texture":"#1"},"down":{"uv":[0.0,0.0,2.0,2.0],"tintindex":0,"texture":"#1"}}},{"from":[6.6860003,5.793388,6.504759],"to":[9.313999,8.330767,9.44993],"faces":{"north":{"uv":[6.5,1.75,8.25,3.75],"tintindex":0,"texture":"#4"},"east":{"uv":[6.0,10.75,8.5,12.5],"tintindex":0,"texture":"#4"},"south":{"uv":[1.0,10.75,3.0,12.5],"tintindex":0,"texture":"#4"},"west":{"uv":[1.5,6.75,3.25,8.75],"tintindex":0,"texture":"#4"},"up":{"uv":[1.0,1.5,3.25,3.75],"tintindex":0,"texture":"#4"},"down":{"uv":[7.5,6.5,9.5,8.5],"tintindex":0,"texture":"#4"}}}]}