{"textures":{"0":"bettermodel:item/mossgolem_gloves","1":"bettermodel:item/mossgolem_texture","2":"bettermodel:item/mossgolem_boots","3":"bettermodel:item/mossgolem_sock","4":"bettermodel:item/mossgolem_rock","5":"bettermodel:item/mossgolem_topgrassplusrock","6":"bettermodel:item/mossgolem_rockface","7":"bettermodel:item/mossgolem_glasses","particle":"bettermodel:item/mossgolem_gloves"},"elements":[{"from":[6.64069,4.613053,6.448121],"to":[9.268689,8.011328,9.393292],"faces":{"north":{"uv":[6.0,1.25,9.0,4.0],"tintindex":0,"texture":"#4"},"east":{"uv":[0.25,0.25,4.5,5.25],"tintindex":0,"texture":"#4"},"south":{"uv":[5.25,10.25,9.75,13.5],"tintindex":0,"texture":"#4"},"west":{"uv":[5.75,6.0,11.25,9.5],"tintindex":0,"texture":"#4"},"up":{"uv":[0.5,10.25,4.25,13.25],"tintindex":0,"texture":"#4"},"down":{"uv":[0.5,6.5,4.75,8.75],"tintindex":0,"texture":"#4"}}}]}