{"textures":{"0":"bettermodel:item/mossgolem_gloves","1":"bettermodel:item/mossgolem_texture","2":"bettermodel:item/mossgolem_boots","3":"bettermodel:item/mossgolem_sock","4":"bettermodel:item/mossgolem_rock","5":"bettermodel:item/mossgolem_topgrassplusrock","6":"bettermodel:item/mossgolem_rockface","7":"bettermodel:item/mossgolem_glasses","particle":"bettermodel:item/mossgolem_gloves"},"elements":[{"from":[6.0063457,3.3896742,5.587225],"to":[10.084275,8.011328,9.9370165],"faces":{"north":{"uv":[6.5,1.0,9.25,4.5],"tintindex":0,"texture":"#4"},"east":{"uv":[5.5,10.25,9.5,13.25],"tintindex":0,"texture":"#4"},"south":{"uv":[0.5,10.0,4.75,13.25],"tintindex":0,"texture":"#4"},"west":{"uv":[0.25,6.5,4.25,9.0],"tintindex":0,"texture":"#4"},"up":{"uv":[1.0,0.75,3.5,4.5],"tintindex":0,"texture":"#4"},"down":{"uv":[6.5,6.5,10.5,9.25],"tintindex":0,"texture":"#4"}}}],"display":{"fixed":{"scale":[4,4,4]}}}