{"textures":{"0":"bettermodel:item/mossgolem_gloves","1":"bettermodel:item/mossgolem_texture","2":"bettermodel:item/mossgolem_boots","3":"bettermodel:item/mossgolem_sock","4":"bettermodel:item/mossgolem_rock","5":"bettermodel:item/mossgolem_topgrassplusrock","6":"bettermodel:item/mossgolem_rockface","7":"bettermodel:item/mossgolem_glasses","particle":"bettermodel:item/mossgolem_gloves"},"elements":[{"from":[6.731311,4.613053,6.448121],"to":[9.35931,8.011328,9.393292],"faces":{"north":{"uv":[6.75,0.75,9.5,3.75],"tintindex":0,"texture":"#4"},"east":{"uv":[5.5,10.25,9.5,13.0],"tintindex":0,"texture":"#4"},"south":{"uv":[0.5,10.25,4.0,13.0],"tintindex":0,"texture":"#4"},"west":{"uv":[1.0,1.75,4.25,4.75],"tintindex":0,"texture":"#4"},"up":{"uv":[0.75,6.5,4.75,9.0],"tintindex":0,"texture":"#4"},"down":{"uv":[7.0,6.75,10.5,8.75],"tintindex":0,"texture":"#4"}}}],"display":{"fixed":{"scale":[4,4,4]}}}