{"textures":{"0":"bettermodel:item/mossgolem_gloves","1":"bettermodel:item/mossgolem_texture","2":"bettermodel:item/mossgolem_boots","3":"bettermodel:item/mossgolem_sock","4":"bettermodel:item/mossgolem_rock","5":"bettermodel:item/mossgolem_topgrassplusrock","6":"bettermodel:item/mossgolem_rockface","7":"bettermodel:item/mossgolem_glasses","particle":"bettermodel:item/mossgolem_gloves"},"elements":[{"from":[9.053841,6.1138744,5.8613524],"to":[9.506944,7.6091156,6.8219314],"faces":{"north":{"uv":[1.3125,13.5625,1.9375,15.625],"tintindex":0,"texture":"#7"},"east":{"uv":[0.0,13.5625,1.3125,15.625],"tintindex":0,"texture":"#7"},"south":{"uv":[3.25,13.5625,3.875,15.625],"tintindex":0,"texture":"#7"},"west":{"uv":[1.9375,13.5625,3.25,15.625],"tintindex":0,"texture":"#7"},"up":{"uv":[1.9375,13.5625,1.3125,12.25],"tintindex":0,"texture":"#7"},"down":{"uv":[2.5625,12.25,1.9375,13.5625],"tintindex":0,"texture":"#7"}}}],"display":{"fixed":{"rotation":[-0.0,0.0,85.00001]}}}