{"textures":{"0":"bettermodel:item/mossgolem_gloves","1":"bettermodel:item/mossgolem_texture","2":"bettermodel:item/mossgolem_boots","3":"bettermodel:item/mossgolem_sock","4":"bettermodel:item/mossgolem_rock","5":"bettermodel:item/mossgolem_topgrassplusrock","6":"bettermodel:item/mossgolem_rockface","7":"bettermodel:item/mossgolem_glasses","particle":"bettermodel:item/mossgolem_gloves"},"elements":[{"from":[4.091984,5.7911215,6.300863],"to":[8.713637,9.959672,10.469413],"faces":{"north":{"uv":[1.359375,1.359375,2.953125,2.796875],"tintindex":0,"texture":"#0"},"east":{"uv":[-0.078125,1.359375,1.359375,2.796875],"tintindex":0,"texture":"#0"},"south":{"uv":[4.390625,1.359375,5.984375,2.796875],"tintindex":0,"texture":"#0"},"west":{"uv":[2.953125,1.359375,4.390625,2.796875],"tintindex":0,"texture":"#0"},"up":{"uv":[2.953125,1.359375,1.359375,-0.078125],"tintindex":0,"texture":"#0"},"down":{"uv":[4.546875,-0.078125,2.953125,1.359375],"tintindex":0,"texture":"#0"}}}]}