{"textures":{"0":"bettermodel:item/mossgolem_gloves","1":"bettermodel:item/mossgolem_texture","2":"bettermodel:item/mossgolem_boots","3":"bettermodel:item/mossgolem_sock","4":"bettermodel:item/mossgolem_rock","5":"bettermodel:item/mossgolem_topgrassplusrock","6":"bettermodel:item/mossgolem_rockface","7":"bettermodel:item/mossgolem_glasses","particle":"bettermodel:item/mossgolem_gloves"},"elements":[{"from":[6.0969663,5.034439,5.906663],"to":[9.903034,9.447665,10.048027],"faces":{"north":{"uv":[5.5,0.25,9.5,4.75],"tintindex":0,"texture":"#4"},"east":{"uv":[0.75,0.75,3.75,5.0],"tintindex":0,"texture":"#4"},"south":{"uv":[0.25,10.0,4.25,13.25],"tintindex":0,"texture":"#4"},"west":{"uv":[6.0,10.0,9.0,13.25],"tintindex":0,"texture":"#4"},"up":{"uv":[0.5,6.25,5.0,9.0],"tintindex":0,"texture":"#4"},"down":{"uv":[6.0,6.0,11.0,9.25],"tintindex":0,"texture":"#4"}}},{"from":[6.731311,3.7974668,6.482104],"to":[9.268689,5.020846,9.563207],"faces":{"north":{"uv":[5.75,10.75,8.75,13.0],"tintindex":0,"texture":"#4"},"east":{"uv":[0.5,10.75,3.0,12.75],"tintindex":0,"texture":"#4"},"south":{"uv":[0.5,2.0,3.75,4.25],"tintindex":0,"texture":"#4"},"west":{"uv":[6.0,1.0,7.5,2.75],"tintindex":0,"texture":"#4"},"up":{"uv":[1.0,6.5,4.0,9.0],"tintindex":0,"texture":"#4"},"down":{"uv":[6.25,6.5,8.5,7.75],"tintindex":0,"texture":"#4"}}}]}