{"textures":{"0":"bettermodel:item/mossgolem_gloves","1":"bettermodel:item/mossgolem_texture","2":"bettermodel:item/mossgolem_boots","3":"bettermodel:item/mossgolem_sock","4":"bettermodel:item/mossgolem_rock","5":"bettermodel:item/mossgolem_topgrassplusrock","6":"bettermodel:item/mossgolem_rockface","7":"bettermodel:item/mossgolem_glasses","particle":"bettermodel:item/mossgolem_gloves"},"elements":[{"from":[6.4930563,6.1138744,5.8613524],"to":[6.94616,7.6091156,6.8219314],"faces":{"north":{"uv":[5.875,13.5625,5.25,15.625],"tintindex":0,"texture":"#7"},"east":{"uv":[7.1875,13.5625,5.875,15.625],"tintindex":0,"texture":"#7"},"south":{"uv":[7.8125,13.5625,7.1875,15.625],"tintindex":0,"texture":"#7"},"west":{"uv":[5.25,13.5625,3.9375,15.625],"tintindex":0,"texture":"#7"},"up":{"uv":[5.25,13.5625,5.875,12.25],"tintindex":0,"texture":"#7"},"down":{"uv":[5.875,12.25,6.5,13.5625],"tintindex":0,"texture":"#7"}}}],"display":{"fixed":{"rotation":[0.0,0.0,-85.00001]}}}