{"textures":{"0":"bettermodel:item/mossgolem_gloves","1":"bettermodel:item/mossgolem_texture","2":"bettermodel:item/mossgolem_boots","3":"bettermodel:item/mossgolem_sock","4":"bettermodel:item/mossgolem_rock","5":"bettermodel:item/mossgolem_topgrassplusrock","6":"bettermodel:item/mossgolem_rockface","7":"bettermodel:item/mossgolem_glasses","particle":"bettermodel:item/mossgolem_gloves"},"elements":[{"from":[5.9157248,3.3896742,5.587225],"to":[9.993654,8.011328,9.9370165],"faces":{"north":{"uv":[5.75,10.75,8.8125,13.4375],"tintindex":0,"texture":"#4"},"east":{"uv":[6.0,6.25,10.75,8.75],"tintindex":0,"texture":"#4"},"south":{"uv":[1.5,6.25,5.5,9.25],"tintindex":0,"texture":"#4"},"west":{"uv":[1.25,0.75,4.75,4.0],"tintindex":0,"texture":"#4"},"up":{"uv":[6.0,1.75,10.0,5.0],"tintindex":0,"texture":"#4"},"down":{"uv":[1.0,10.25,4.25,13.0],"tintindex":0,"texture":"#4"}}}]}