{"textures":{"0":"bettermodel:item/mossgolem_gloves","1":"bettermodel:item/mossgolem_texture","2":"bettermodel:item/mossgolem_boots","3":"bettermodel:item/mossgolem_sock","4":"bettermodel:item/mossgolem_rock","5":"bettermodel:item/mossgolem_topgrassplusrock","6":"bettermodel:item/mossgolem_rockface","7":"bettermodel:item/mossgolem_glasses","particle":"bettermodel:item/mossgolem_gloves"},"elements":[{"from":[5.711828,6.5274143,6.731311],"to":[10.288172,9.472586,9.268689],"faces":{"north":{"uv":[0.875,3.6875,2.453125,4.703125],"tintindex":0,"texture":"#0"},"east":{"uv":[0.0,3.6875,0.875,4.703125],"tintindex":0,"texture":"#0"},"south":{"uv":[3.328125,3.6875,4.90625,4.703125],"tintindex":0,"texture":"#0"},"west":{"uv":[2.453125,3.6875,3.328125,4.703125],"tintindex":0,"texture":"#0"},"up":{"uv":[2.453125,3.6875,0.875,2.8125],"tintindex":0,"texture":"#0"},"down":{"uv":[4.03125,2.8125,2.453125,3.6875],"tintindex":0,"texture":"#0"}}}]}