{"textures":{"0":"bettermodel:item/mossgolem_gloves","1":"bettermodel:item/mossgolem_texture","2":"bettermodel:item/mossgolem_boots","3":"bettermodel:item/mossgolem_sock","4":"bettermodel:item/mossgolem_rock","5":"bettermodel:item/mossgolem_topgrassplusrock","6":"bettermodel:item/mossgolem_rockface","7":"bettermodel:item/mossgolem_glasses","particle":"bettermodel:item/mossgolem_gloves"},"elements":[{"from":[7.29769,6.300863,7.2070694],"to":[8.385138,7.705483,8.883552],"faces":{"north":{"uv":[7.0625,7.015625,6.453125,8.28125],"tintindex":0,"texture":"#0"},"east":{"uv":[6.4375,7.015625,5.765625,8.28125],"tintindex":0,"texture":"#0"},"south":{"uv":[4.78125,7.0625,4.171875,8.328125],"tintindex":0,"texture":"#0"},"west":{"uv":[2.453125,6.671875,1.78125,7.9375],"tintindex":0,"texture":"#0"},"up":{"uv":[6.53125,4.046875,7.140625,3.375],"tintindex":0,"texture":"#0"},"down":{"uv":[4.796875,7.0625,5.40625,7.734375],"tintindex":0,"texture":"#0"}}}],"display":{"fixed":{"scale":[4,4,4]}}}