{"textures":{"0":"bettermodel:item/mossgolem_gloves","1":"bettermodel:item/mossgolem_texture","2":"bettermodel:item/mossgolem_boots","3":"bettermodel:item/mossgolem_sock","4":"bettermodel:item/mossgolem_rock","5":"bettermodel:item/mossgolem_topgrassplusrock","6":"bettermodel:item/mossgolem_rockface","7":"bettermodel:item/mossgolem_glasses","particle":"bettermodel:item/mossgolem_gloves"},"elements":[{"from":[5.711828,6.5274143,6.731311],"to":[10.288172,9.472586,9.268689],"faces":{"north":{"uv":[5.921875,1.453125,7.5,2.46875],"tintindex":0,"texture":"#0"},"east":{"uv":[0.0,6.671875,0.875,7.6875],"tintindex":0,"texture":"#0"},"south":{"uv":[2.578125,6.171875,4.15625,7.1875],"tintindex":0,"texture":"#0"},"west":{"uv":[0.890625,6.671875,1.765625,7.6875],"tintindex":0,"texture":"#0"},"up":{"uv":[5.75,7.046875,4.171875,6.171875],"tintindex":0,"texture":"#0"},"down":{"uv":[8.109375,2.484375,6.53125,3.359375],"tintindex":0,"texture":"#0"}}}],"display":{"fixed":{"scale":[4,4,4]}}}