{"textures":{"0":"bettermodel:item/souls_soulwood","1":"bettermodel:item/souls_soulstone","2":"bettermodel:item/souls_soulmetal","3":"bettermodel:item/souls_soulbars","4":"bettermodel:item/souls_soulfire","particle":"bettermodel:item/souls_soulwood"},"elements":[{"from":[7.9093795,9.087448,8.04531],"to":[7.9093795,9.313999,8.090621],"faces":{"north":{"uv":[0.0,0.0,0.0,3.0],"tintindex":0,"texture":"#4"},"east":{"uv":[3.5,0.0,4.0,3.0],"tintindex":0,"texture":"#4"},"south":{"uv":[0.0,0.0,0.0,3.0],"tintindex":0,"texture":"#4"},"west":{"uv":[3.5,3.0,4.0,6.0],"tintindex":0,"texture":"#4"},"up":{"uv":[0.0,0.5,0.0,0.0],"tintindex":0,"texture":"#4"},"down":{"uv":[0.0,0.0,0.0,0.5],"tintindex":0,"texture":"#4"}}}],"display":{"fixed":{"rotation":[-0.0,89.98021,-0.0]}}}