{"textures":{"0":"bettermodel:item/souls_soulwood","1":"bettermodel:item/souls_soulstone","2":"bettermodel:item/souls_soulmetal","3":"bettermodel:item/souls_soulbars","4":"bettermodel:item/souls_soulfire","particle":"bettermodel:item/souls_soulwood"},"elements":[{"from":[8.113072,7.8853316,7.9410963],"to":[8.221818,8.383745,8.058904],"faces":{"north":{"uv":[6.0,6.5,7.0,12.0],"tintindex":0,"texture":"#1"},"east":{"uv":[3.0,5.5,4.5,11.0],"tintindex":0,"texture":"#1"},"south":{"uv":[7.0,0.0,8.0,5.5],"tintindex":0,"texture":"#1"},"west":{"uv":[4.5,5.5,6.0,11.0],"tintindex":0,"texture":"#1"},"up":{"uv":[9.0,4.5,8.0,3.0],"tintindex":0,"texture":"#1"},"down":{"uv":[9.0,4.5,8.0,6.0],"tintindex":0,"texture":"#1"}}}],"display":{"fixed":{"rotation":[22.5,90.0,0.0]}}}