{"textures":{"0":"bettermodel:item/souls_soulwood","1":"bettermodel:item/souls_soulstone","2":"bettermodel:item/souls_soulmetal","3":"bettermodel:item/souls_soulbars","4":"bettermodel:item/souls_soulfire","particle":"bettermodel:item/souls_soulwood"},"elements":[{"from":[8.150953,7.858945,7.941097],"to":[8.259698,8.447979,8.058904],"faces":{"north":{"uv":[6.0,0.0,7.0,6.5],"tintindex":0,"texture":"#1"},"east":{"uv":[0.0,0.0,1.5,6.5],"tintindex":0,"texture":"#1"},"south":{"uv":[0.0,6.5,1.0,13.0],"tintindex":0,"texture":"#1"},"west":{"uv":[1.5,0.0,3.0,6.5],"tintindex":0,"texture":"#1"},"up":{"uv":[9.0,1.5,8.0,0.0],"tintindex":0,"texture":"#1"},"down":{"uv":[9.0,1.5,8.0,3.0],"tintindex":0,"texture":"#1"}}}],"display":{"fixed":{"rotation":[-0.0,0.0,25.000002]}}}