{"textures":{"0":"bettermodel:item/souls_soulwood","1":"bettermodel:item/souls_soulstone","2":"bettermodel:item/souls_soulmetal","3":"bettermodel:item/souls_soulbars","4":"bettermodel:item/souls_soulfire","particle":"bettermodel:item/souls_soulwood"},"elements":[{"from":[7.864069,9.087448,7.9093795],"to":[7.864069,9.268689,7.9546895],"faces":{"north":{"uv":[0.0,0.0,0.0,2.5],"tintindex":0,"texture":"#4"},"east":{"uv":[4.0,6.0,4.5,8.5],"tintindex":0,"texture":"#4"},"south":{"uv":[0.0,0.0,0.0,2.5],"tintindex":0,"texture":"#4"},"west":{"uv":[4.5,6.0,5.0,8.5],"tintindex":0,"texture":"#4"},"up":{"uv":[0.0,0.5,0.0,0.0],"tintindex":0,"texture":"#4"},"down":{"uv":[0.0,0.0,0.0,0.5],"tintindex":0,"texture":"#4"}}}]}