{"textures":{"0":"bettermodel:item/souls_soulwood","1":"bettermodel:item/souls_soulstone","2":"bettermodel:item/souls_soulmetal","3":"bettermodel:item/souls_soulbars","4":"bettermodel:item/souls_soulfire","particle":"bettermodel:item/souls_soulwood"},"elements":[{"from":[8.135931,9.087448,8.04531],"to":[8.135931,9.268689,8.090621],"faces":{"north":{"uv":[0.0,0.0,0.0,2.5],"tintindex":0,"texture":"#4"},"east":{"uv":[7.0,0.0,7.5,2.5],"tintindex":0,"texture":"#4"},"south":{"uv":[0.0,0.0,0.0,2.5],"tintindex":0,"texture":"#4"},"west":{"uv":[7.0,2.5,7.5,5.0],"tintindex":0,"texture":"#4"},"up":{"uv":[0.0,0.5,0.0,0.0],"tintindex":0,"texture":"#4"},"down":{"uv":[0.0,0.0,0.0,0.5],"tintindex":0,"texture":"#4"}}}],"display":{"fixed":{"scale":[4,4,4]}}}