{"textures":{"0":"bettermodel:item/souls_soulwood","1":"bettermodel:item/souls_soulstone","2":"bettermodel:item/souls_soulmetal","3":"bettermodel:item/souls_soulbars","4":"bettermodel:item/souls_soulfire","particle":"bettermodel:item/souls_soulwood"},"elements":[{"from":[8.117969,7.630414,7.9410963],"to":[8.226713,8.128828,8.058904],"faces":{"north":{"uv":[2.0,6.5,1.0,12.0],"tintindex":0,"texture":"#1"},"east":{"uv":[6.0,0.0,4.5,5.5],"tintindex":0,"texture":"#1"},"south":{"uv":[3.0,6.5,2.0,12.0],"tintindex":0,"texture":"#1"},"west":{"uv":[4.5,0.0,3.0,5.5],"tintindex":0,"texture":"#1"},"up":{"uv":[7.0,7.0,8.0,5.5],"tintindex":0,"texture":"#1"},"down":{"uv":[7.0,7.0,8.0,8.5],"tintindex":0,"texture":"#1"}}}],"display":{"fixed":{"rotation":[155.0,90.0,0.0]}}}