{"textures":{"0":"bettermodel:item/souls_soulwood","1":"bettermodel:item/souls_soulstone","2":"bettermodel:item/souls_soulmetal","3":"bettermodel:item/souls_soulbars","4":"bettermodel:item/souls_soulfire","particle":"bettermodel:item/souls_soulwood"},"elements":[{"from":[8.181241,9.042137,7.8187585],"to":[8.181241,9.178068,8.181241],"faces":{"north":{"uv":[2.0,0.0,2.0,3.0],"tintindex":0,"texture":"#3"},"east":{"uv":[0.0,3.0,8.0,6.0],"tintindex":0,"texture":"#3"},"south":{"uv":[2.0,0.0,2.0,3.0],"tintindex":0,"texture":"#3"},"west":{"uv":[2.0,0.0,10.0,3.0],"tintindex":0,"texture":"#3"},"up":{"uv":[2.0,0.0,2.0,8.0],"tintindex":0,"texture":"#3"},"down":{"uv":[2.0,0.0,2.0,8.0],"tintindex":0,"texture":"#3"}}},{"from":[7.8187585,9.042137,7.8187585],"to":[7.8187585,9.178068,8.181241],"faces":{"north":{"uv":[2.0,0.0,2.0,3.0],"tintindex":0,"texture":"#3"},"east":{"uv":[2.0,0.0,10.0,3.0],"tintindex":0,"texture":"#3"},"south":{"uv":[2.0,0.0,2.0,3.0],"tintindex":0,"texture":"#3"},"west":{"uv":[0.0,3.0,8.0,6.0],"tintindex":0,"texture":"#3"},"up":{"uv":[2.0,0.0,2.0,8.0],"tintindex":0,"texture":"#3"},"down":{"uv":[2.0,0.0,2.0,8.0],"tintindex":0,"texture":"#3"}}}],"display":{"fixed":{"scale":[4,4,4],"rotation":[-0.0,89.98021,-0.0]}}}