{"textures":{"0":"bettermodel:item/souls_soulwood","1":"bettermodel:item/souls_soulstone","2":"bettermodel:item/souls_soulmetal","3":"bettermodel:item/souls_soulbars","4":"bettermodel:item/souls_soulfire","particle":"bettermodel:item/souls_soulwood"},"elements":[{"from":[7.740302,7.858945,7.941097],"to":[7.8490467,8.447979,8.058904],"faces":{"north":{"uv":[0.0,0.0,1.2,6.5],"tintindex":0,"texture":"#1"},"east":{"uv":[0.0,0.0,1.3,6.5],"tintindex":0,"texture":"#1"},"south":{"uv":[0.0,0.0,1.2,6.5],"tintindex":0,"texture":"#1"},"west":{"uv":[0.0,0.0,1.3,6.5],"tintindex":0,"texture":"#1"},"up":{"uv":[0.0,0.0,1.2,1.3],"tintindex":0,"texture":"#1"},"down":{"uv":[0.0,0.0,1.2,1.3],"tintindex":0,"texture":"#1"}}}],"display":{"fixed":{"rotation":[0.0,0.0,-25.000002]}}}