{"textures":{"0":"bettermodel:item/souls_soulwood","1":"bettermodel:item/souls_soulstone","2":"bettermodel:item/souls_soulmetal","3":"bettermodel:item/souls_soulbars","4":"bettermodel:item/souls_soulfire","particle":"bettermodel:item/souls_soulwood"},"elements":[{"from":[8.135931,9.178068,7.864069],"to":[8.181241,9.223379,8.135931],"faces":{"north":{"uv":[7.0,6.0,7.5,6.5],"tintindex":0,"texture":"#2"},"east":{"uv":[5.5,4.0,8.5,4.5],"tintindex":0,"texture":"#2"},"south":{"uv":[6.5,7.0,7.0,7.5],"tintindex":0,"texture":"#2"},"west":{"uv":[5.5,4.5,8.5,5.0],"tintindex":0,"texture":"#2"},"up":{"uv":[5.0,8.0,4.5,5.0],"tintindex":0,"texture":"#2"},"down":{"uv":[6.0,5.0,5.5,8.0],"tintindex":0,"texture":"#2"}}},{"from":[7.8187585,9.178068,7.864069],"to":[7.864069,9.223379,8.135931],"faces":{"north":{"uv":[7.5,6.0,8.0,6.5],"tintindex":0,"texture":"#2"},"east":{"uv":[6.0,5.0,9.0,5.5],"tintindex":0,"texture":"#2"},"south":{"uv":[6.5,7.5,7.0,8.0],"tintindex":0,"texture":"#2"},"west":{"uv":[6.0,5.5,9.0,6.0],"tintindex":0,"texture":"#2"},"up":{"uv":[5.5,9.0,5.0,6.0],"tintindex":0,"texture":"#2"},"down":{"uv":[6.5,6.0,6.0,9.0],"tintindex":0,"texture":"#2"}}}],"display":{"fixed":{"rotation":[0.0,-89.98021,0.0]}}}