{"model":{"type":"range_dispatch","property":"custom_model_data","fallback":{"type":"minecraft:model","model":"minecraft:item/leather_horse_armor"},"entries":[{"threshold":1,"model":{"type":"minecraft:composite","models":[{"type":"minecraft:model","model":"bettermodel:modern_item/mapacho_legfr_1","tints":[{"type":"minecraft:custom_model_data","default":16777215}]}]}},{"threshold":2,"model":{"type":"minecraft:composite","models":[{"type":"minecraft:model","model":"bettermodel:modern_item/mapacho_legfl_1","tints":[{"type":"minecraft:custom_model_data","default":16777215}]}]}},{"threshold":3,"model":{"type":"minecraft:composite","models":[{"type":"minecraft:model","model":"bettermodel:modern_item/mapacho_legbr_1","tints":[{"type":"minecraft:custom_model_data","default":16777215}]}]}},{"threshold":4,"model":{"type":"minecraft:composite","models":[{"type":"minecraft:model","model":"bettermodel:modern_item/mapacho_legbl_1","tints":[{"type":"minecraft:custom_model_data","default":16777215}]}]}},{"threshold":5,"model":{"type":"minecraft:composite","models":[{"type":"minecraft:model","model":"bettermodel:modern_item/mapacho_body_1","tints":[{"type":"minecraft:custom_model_data","default":16777215}]}]}},{"threshold":6,"model":{"type":"minecraft:composite","models":[{"type":"minecraft:model","model":"bettermodel:modern_item/mapacho_tail_1","tints":[{"type":"minecraft:custom_model_data","default":16777215}]}]}},{"threshold":7,"model":{"type":"minecraft:composite","models":[{"type":"minecraft:model","model":"bettermodel:modern_item/mapacho_tailbone_1","tints":[{"type":"minecraft:custom_model_data","default":16777215}]}]}},{"threshold":8,"model":{"type":"minecraft:composite","models":[{"type":"minecraft:model","model":"bettermodel:modern_item/mapacho_earr_1","tints":[{"type":"minecraft:custom_model_data","default":16777215}]},{"type":"minecraft:model","model":"bettermodel:modern_item/mapacho_earr_2","tints":[{"type":"minecraft:custom_model_data","default":16777215}]},{"type":"minecraft:model","model":"bettermodel:modern_item/mapacho_earr_3","tints":[{"type":"minecraft:custom_model_data","default":16777215}]}]}},{"threshold":9,"model":{"type":"minecraft:composite","models":[{"type":"minecraft:model","model":"bettermodel:modern_item/mapacho_earl_1","tints":[{"type":"minecraft:custom_model_data","default":16777215}]},{"type":"minecraft:model","model":"bettermodel:modern_item/mapacho_earl_2","tints":[{"type":"minecraft:custom_model_data","default":16777215}]},{"type":"minecraft:model","model":"bettermodel:modern_item/mapacho_earl_3","tints":[{"type":"minecraft:custom_model_data","default":16777215}]}]}},{"threshold":10,"model":{"type":"minecraft:composite","models":[{"type":"minecraft:model","model":"bettermodel:modern_item/mapacho_nose_1","tints":[{"type":"minecraft:custom_model_data","default":16777215}]}]}},{"threshold":11,"model":{"type":"minecraft:composite","models":[{"type":"minecraft:model","model":"bettermodel:modern_item/mapacho_mainhead_1","tints":[{"type":"minecraft:custom_model_data","default":16777215}]},{"type":"minecraft:model","model":"bettermodel:modern_item/mapacho_mainhead_2","tints":[{"type":"minecraft:custom_model_data","default":16777215}]},{"type":"minecraft:model","model":"bettermodel:modern_item/mapacho_mainhead_3","tints":[{"type":"minecraft:custom_model_data","default":16777215}]},{"type":"minecraft:model","model":"bettermodel:modern_item/mapacho_mainhead_4","tints":[{"type":"minecraft:custom_model_data","default":16777215}]},{"type":"minecraft:model","model":"bettermodel:modern_item/mapacho_mainhead_5","tints":[{"type":"minecraft:custom_model_data","default":16777215}]}]}},{"threshold":12,"model":{"type":"minecraft:composite","models":[{"type":"minecraft:model","model":"bettermodel:modern_item/king_body_1","tints":[{"type":"minecraft:custom_model_data","default":16777215}]}]}},{"threshold":13,"model":{"type":"minecraft:composite","models":[{"type":"minecraft:model","model":"bettermodel:modern_item/king_left_1","tints":[{"type":"minecraft:custom_model_data","default":16777215}]}]}},{"threshold":14,"model":{"type":"minecraft:composite","models":[{"type":"minecraft:model","model":"bettermodel:modern_item/king_right_1","tints":[{"type":"minecraft:custom_model_data","default":16777215}]}]}},{"threshold":15,"model":{"type":"minecraft:composite","models":[{"type":"minecraft:model","model":"bettermodel:modern_item/king_left2_1","tints":[{"type":"minecraft:custom_model_data","default":16777215}]}]}},{"threshold":16,"model":{"type":"minecraft:composite","models":[{"type":"minecraft:model","model":"bettermodel:modern_item/king_right2_1","tints":[{"type":"minecraft:custom_model_data","default":16777215}]}]}},{"threshold":17,"model":{"type":"minecraft:composite","models":[{"type":"minecraft:model","model":"bettermodel:modern_item/king_head_1","tints":[{"type":"minecraft:custom_model_data","default":16777215}]}]}},{"threshold":18,"model":{"type":"minecraft:composite","models":[{"type":"minecraft:model","model":"bettermodel:modern_item/king_crown_1","tints":[{"type":"minecraft:custom_model_data","default":16777215}]}]}},{"threshold":19,"model":{"type":"minecraft:composite","models":[{"type":"minecraft:model","model":"bettermodel:modern_item/king_beard_1","tints":[{"type":"minecraft:custom_model_data","default":16777215}]},{"type":"minecraft:model","model":"bettermodel:modern_item/king_beard_2","tints":[{"type":"minecraft:custom_model_data","default":16777215}]},{"type":"minecraft:model","model":"bettermodel:modern_item/king_beard_3","tints":[{"type":"minecraft:custom_model_data","default":16777215}]},{"type":"minecraft:model","model":"bettermodel:modern_item/king_beard_4","tints":[{"type":"minecraft:custom_model_data","default":16777215}]},{"type":"minecraft:model","model":"bettermodel:modern_item/king_beard_5","tints":[{"type":"minecraft:custom_model_data","default":16777215}]},{"type":"minecraft:model","model":"bettermodel:modern_item/king_beard_6","tints":[{"type":"minecraft:custom_model_data","default":16777215}]},{"type":"minecraft:model","model":"bettermodel:modern_item/king_beard_7","tints":[{"type":"minecraft:custom_model_data","default":16777215}]}]}},{"threshold":20,"model":{"type":"minecraft:composite","models":[{"type":"minecraft:model","model":"bettermodel:modern_item/king_hair_1","tints":[{"type":"minecraft:custom_model_data","default":16777215}]},{"type":"minecraft:model","model":"bettermodel:modern_item/king_hair_2","tints":[{"type":"minecraft:custom_model_data","default":16777215}]},{"type":"minecraft:model","model":"bettermodel:modern_item/king_hair_3","tints":[{"type":"minecraft:custom_model_data","default":16777215}]},{"type":"minecraft:model","model":"bettermodel:modern_item/king_hair_4","tints":[{"type":"minecraft:custom_model_data","default":16777215}]},{"type":"minecraft:model","model":"bettermodel:modern_item/king_hair_5","tints":[{"type":"minecraft:custom_model_data","default":16777215}]},{"type":"minecraft:model","model":"bettermodel:modern_item/king_hair_6","tints":[{"type":"minecraft:custom_model_data","default":16777215}]},{"type":"minecraft:model","model":"bettermodel:modern_item/king_hair_7","tints":[{"type":"minecraft:custom_model_data","default":16777215}]},{"type":"minecraft:model","model":"bettermodel:modern_item/king_hair_8","tints":[{"type":"minecraft:custom_model_data","default":16777215}]},{"type":"minecraft:model","model":"bettermodel:modern_item/king_hair_9","tints":[{"type":"minecraft:custom_model_data","default":16777215}]},{"type":"minecraft:model","model":"bettermodel:modern_item/king_hair_10","tints":[{"type":"minecraft:custom_model_data","default":16777215}]}]}},{"threshold":21,"model":{"type":"minecraft:composite","models":[{"type":"minecraft:model","model":"bettermodel:modern_item/mossgolem_belly_1","tints":[{"type":"minecraft:custom_model_data","default":16777215}]}]}},{"threshold":22,"model":{"type":"minecraft:composite","models":[{"type":"minecraft:model","model":"bettermodel:modern_item/mossgolem_back_1","tints":[{"type":"minecraft:custom_model_data","default":16777215}]}]}},{"threshold":23,"model":{"type":"minecraft:composite","models":[{"type":"minecraft:model","model":"bettermodel:modern_item/mossgolem_head_1","tints":[{"type":"minecraft:custom_model_data","default":16777215}]}]}},{"threshold":24,"model":{"type":"minecraft:composite","models":[{"type":"minecraft:model","model":"bettermodel:modern_item/mossgolem_glasses_1","tints":[{"type":"minecraft:custom_model_data","default":16777215}]},{"type":"minecraft:model","model":"bettermodel:modern_item/mossgolem_glasses_2","tints":[{"type":"minecraft:custom_model_data","default":16777215}]},{"type":"minecraft:model","model":"bettermodel:modern_item/mossgolem_glasses_3","tints":[{"type":"minecraft:custom_model_data","default":16777215}]},{"type":"minecraft:model","model":"bettermodel:modern_item/mossgolem_glasses_4","tints":[{"type":"minecraft:custom_model_data","default":16777215}]},{"type":"minecraft:model","model":"bettermodel:modern_item/mossgolem_glasses_5","tints":[{"type":"minecraft:custom_model_data","default":16777215}]}]}},{"threshold":25,"model":{"type":"minecraft:composite","models":[{"type":"minecraft:model","model":"bettermodel:modern_item/mossgolem_r_1","tints":[{"type":"minecraft:custom_model_data","default":16777215}]}]}},{"threshold":26,"model":{"type":"minecraft:composite","models":[{"type":"minecraft:model","model":"bettermodel:modern_item/mossgolem_l_1","tints":[{"type":"minecraft:custom_model_data","default":16777215}]}]}},{"threshold":27,"model":{"type":"minecraft:composite","models":[{"type":"minecraft:model","model":"bettermodel:modern_item/mossgolem_shoulder2_1","tints":[{"type":"minecraft:custom_model_data","default":16777215}]}]}},{"threshold":28,"model":{"type":"minecraft:composite","models":[{"type":"minecraft:model","model":"bettermodel:modern_item/mossgolem_bicep2_1","tints":[{"type":"minecraft:custom_model_data","default":16777215}]}]}},{"threshold":29,"model":{"type":"minecraft:composite","models":[{"type":"minecraft:model","model":"bettermodel:modern_item/mossgolem_jointl_1","tints":[{"type":"minecraft:custom_model_data","default":16777215}]}]}},{"threshold":30,"model":{"type":"minecraft:composite","models":[{"type":"minecraft:model","model":"bettermodel:modern_item/mossgolem_handl_1","tints":[{"type":"minecraft:custom_model_data","default":16777215}]}]}},{"threshold":31,"model":{"type":"minecraft:composite","models":[{"type":"minecraft:model","model":"bettermodel:modern_item/mossgolem_fingersl_1","tints":[{"type":"minecraft:custom_model_data","default":16777215}]}]}},{"threshold":32,"model":{"type":"minecraft:composite","models":[{"type":"minecraft:model","model":"bettermodel:modern_item/mossgolem_thumbl_1","tints":[{"type":"minecraft:custom_model_data","default":16777215}]}]}},{"threshold":33,"model":{"type":"minecraft:composite","models":[{"type":"minecraft:model","model":"bettermodel:modern_item/mossgolem_thumbljoint_1","tints":[{"type":"minecraft:custom_model_data","default":16777215}]}]}},{"threshold":34,"model":{"type":"minecraft:composite","models":[{"type":"minecraft:model","model":"bettermodel:modern_item/mossgolem_shoulder_1","tints":[{"type":"minecraft:custom_model_data","default":16777215}]}]}},{"threshold":35,"model":{"type":"minecraft:composite","models":[{"type":"minecraft:model","model":"bettermodel:modern_item/mossgolem_bicep_1","tints":[{"type":"minecraft:custom_model_data","default":16777215}]}]}},{"threshold":36,"model":{"type":"minecraft:composite","models":[{"type":"minecraft:model","model":"bettermodel:modern_item/mossgolem_jointr_1","tints":[{"type":"minecraft:custom_model_data","default":16777215}]}]}},{"threshold":37,"model":{"type":"minecraft:composite","models":[{"type":"minecraft:model","model":"bettermodel:modern_item/mossgolem_handr_1","tints":[{"type":"minecraft:custom_model_data","default":16777215}]}]}},{"threshold":38,"model":{"type":"minecraft:composite","models":[{"type":"minecraft:model","model":"bettermodel:modern_item/mossgolem_fingersr_1","tints":[{"type":"minecraft:custom_model_data","default":16777215}]}]}},{"threshold":39,"model":{"type":"minecraft:composite","models":[{"type":"minecraft:model","model":"bettermodel:modern_item/mossgolem_thumbr_1","tints":[{"type":"minecraft:custom_model_data","default":16777215}]}]}},{"threshold":40,"model":{"type":"minecraft:composite","models":[{"type":"minecraft:model","model":"bettermodel:modern_item/mossgolem_thumbljoint2_1","tints":[{"type":"minecraft:custom_model_data","default":16777215}]}]}},{"threshold":41,"model":{"type":"minecraft:composite","models":[{"type":"minecraft:model","model":"bettermodel:modern_item/mossgolem_rightleg_1","tints":[{"type":"minecraft:custom_model_data","default":16777215}]}]}},{"threshold":42,"model":{"type":"minecraft:composite","models":[{"type":"minecraft:model","model":"bettermodel:modern_item/mossgolem_jointr2_1","tints":[{"type":"minecraft:custom_model_data","default":16777215}]}]}},{"threshold":43,"model":{"type":"minecraft:composite","models":[{"type":"minecraft:model","model":"bettermodel:modern_item/mossgolem_footr_1","tints":[{"type":"minecraft:custom_model_data","default":16777215}]}]}},{"threshold":44,"model":{"type":"minecraft:composite","models":[{"type":"minecraft:model","model":"bettermodel:modern_item/mossgolem_leftleg_1","tints":[{"type":"minecraft:custom_model_data","default":16777215}]}]}},{"threshold":45,"model":{"type":"minecraft:composite","models":[{"type":"minecraft:model","model":"bettermodel:modern_item/mossgolem_jointl2_1","tints":[{"type":"minecraft:custom_model_data","default":16777215}]}]}},{"threshold":46,"model":{"type":"minecraft:composite","models":[{"type":"minecraft:model","model":"bettermodel:modern_item/mossgolem_footl_1","tints":[{"type":"minecraft:custom_model_data","default":16777215}]}]}}]}}